step,threshold,score,prediction,true_label,frozen
0,0.001,0.00082,0,0,0
100,0.001,0.000805,0,0,1
200,0.001,0.000789,0,0,1
300,0.001,0.000821,0,0,1
400,0.001,0.00105,1,0,1
500,0.001,0.000805,0,0,1
600,0.001,0.000805,0,0,1
700,0.001,0.000805,0,0,1
800,0.001,0.00125,1,0,1
900,0.001,0.000805,0,0,1
1000,0.001,0.000794,0,0,1
1100,0.001,0.000805,0,0,1
1200,0.001,0.000805,0,0,1
1300,0.001,0.000777,0,0,1
1400,0.001,0.001036,1,0,1
1500,0.001,0.000913,0,0,1
1600,0.001,0.000813,0,0,1
1700,0.001,0.000821,0,0,1
1800,0.001,0.000915,0,0,1
1900,0.001,0.01651,1,0,1
2000,0.001,0.000794,0,0,1
2100,0.001,0.000813,0,0,1
2200,0.001,0.000912,0,0,1
2300,0.001,0.00417,1,0,1
2400,0.001,0.000805,0,0,1
2500,0.001,0.000805,0,0,1
2600,0.001,0.000884,0,0,1
2700,0.001,0.004885,1,0,1
2800,0.001,0.002792,1,0,1
2900,0.001,0.000838,0,0,1
3000,0.001,0.000805,0,0,1
3100,0.001,0.081282,1,0,1
3200,0.001,0.000805,0,0,1
3300,0.001,0.000805,0,0,1
3400,0.001,0.001209,1,0,1
3500,0.001,0.000898,0,0,1
3600,0.001,0.001113,1,0,1
3700,0.001,0.000802,0,0,1
3800,0.001,0.000805,0,0,1
3900,0.001,0.000805,0,0,1
4000,0.001,0.000813,0,0,1
4100,0.001,0.001301,1,0,1
4200,0.001,0.000805,0,0,1
4300,0.001,0.002929,1,0,1
4400,0.001,0.000805,0,0,1
4500,0.001,0.000805,0,0,1
4600,0.001,0.000805,0,0,1
4700,0.001,0.000794,0,0,1
4800,0.001,0.000795,0,0,1
4900,0.001,0.000793,0,0,1
5000,0.001,0.000805,0,0,1
5100,0.007786,0.000805,0,0,0
5200,0.016543,0.000789,0,0,0
5300,0.016543,0.000814,0,0,0
5400,0.016543,0.003153,0,0,0
5500,0.016543,0.000917,0,0,0
5600,0.023619,0.000805,0,0,0
5700,0.023619,0.003895,0,0,0
5800,0.026654,0.000805,0,0,0
5900,0.026654,0.003129,0,0,0
6000,0.026719,0.000805,0,0,0
6100,0.026719,0.000794,0,0,0
6200,0.026719,0.000932,0,0,0
6300,0.026719,0.000812,0,0,0
6400,0.026923,0.000805,0,0,0
6500,0.028922,0.000805,0,0,0
6600,0.028179,0.000805,0,0,0
6700,0.028028,0.001133,0,0,0
6800,0.028028,0.000896,0,0,0
6900,0.028934,0.000805,0,0,0
7000,0.028934,0.000805,0,0,0
7100,0.028934,0.000916,0,0,0
7200,0.028934,0.000805,0,0,0
7300,0.028922,0.000805,0,0,0
7400,0.019925,0.001342,0,0,0
7500,0.019925,0.002017,0,0,0
7600,0.024991,0.003867,0,0,0
7700,0.024991,0.000805,0,0,0
7800,0.01651,0.000872,0,0,0
7900,0.016537,0.000805,0,0,0
8000,0.016537,0.000805,0,0,0
8100,0.016425,0.000794,0,0,0
8200,0.015206,0.000805,0,0,0
8300,0.01651,0.000819,0,0,0
8400,0.01651,0.000932,0,0,0
8500,0.01651,0.000896,0,0,0
8600,0.01651,0.000794,0,0,0
8700,0.01651,0.001434,0,0,0
8800,0.01651,0.0008,0,0,0
8900,0.01651,0.000805,0,0,0
9000,0.01499,0.000877,0,0,0
9100,0.015455,0.000794,0,0,0
9200,0.014896,0.000805,0,0,0
9300,0.012795,0.000792,0,0,0
9400,0.013906,0.001078,0,0,0
9500,0.010958,0.000953,0,0,0
9600,0.010957,0.000805,0,0,0
9700,0.011355,0.000803,0,0,0
9800,0.011356,0.000805,0,0,0
9900,0.012203,0.000805,0,0,0
10000,0.012752,0.003094,0,0,0
10100,0.012752,0.001202,0,0,0
10200,0.012752,0.000794,0,0,0
10300,0.012752,0.000812,0,0,0
10400,0.012752,0.000805,0,0,0
10500,0.012888,0.000894,0,0,0
10600,0.012197,0.000805,0,0,0
10700,0.012197,0.000805,0,0,0
10800,0.011671,0.000805,0,0,0
10900,0.01167,0.000805,0,0,0
11000,0.010127,0.000785,0,0,0
11100,0.010127,0.000805,0,0,0
11200,0.010957,0.000805,0,0,0
11300,0.010957,0.003193,0,0,0
11400,0.010191,0.000814,0,0,0
11500,0.008436,0.000813,0,0,0
11600,0.008436,0.000805,0,0,0
11700,0.010191,0.000794,0,0,0
11800,0.010191,0.000877,0,0,0
11900,0.010127,0.000805,0,0,0
12000,0.010127,0.000794,0,0,0
12100,0.010127,0.000811,0,0,0
12200,0.009751,0.052562,1,0,0
12300,0.009754,0.001011,0,0,0
12400,0.011308,0.00439,0,0,0
12500,0.011356,0.000805,0,0,0
12600,0.010048,0.000805,0,0,0
12700,0.010041,0.004856,0,0,0
12800,0.01445,0.000854,0,0,0
12900,0.014354,0.000805,0,0,0
13000,0.014451,0.000805,0,0,0
13100,0.014354,0.000805,0,0,0
13200,0.014354,0.000932,0,0,0
13300,0.014655,0.003131,0,0,0
13400,0.014798,0.000792,0,0,0
13500,0.01651,0.001387,0,0,0
13600,0.014798,0.000805,0,0,0
13700,0.014798,0.002273,0,0,0
13800,0.014798,0.000829,0,0,0
13900,0.014912,0.000896,0,0,0
14000,0.01651,0.000805,0,0,0
14100,0.01651,0.000805,0,0,0
14200,0.01651,0.000794,0,0,0
14300,0.01651,0.000794,0,0,0
14400,0.014822,0.000883,0,0,0
14500,0.014814,0.000805,0,0,0
14600,0.014814,0.00088,0,0,0
14700,0.014452,0.000805,0,0,0
14800,0.014787,0.000805,0,0,0
14900,0.020261,0.006136,0,0,0
15000,0.016634,0.0008,0,0,0
15100,0.02819,0.000805,0,0,0
15200,0.028985,0.000815,0,0,0
15300,0.042524,0.000805,0,0,0
15400,0.042525,0.000805,0,0,0
15500,0.052562,0.000805,0,0,0
15600,0.052562,0.000972,0,0,0
15700,0.052562,0.000805,0,0,0
15800,0.052562,0.000805,0,0,0
15900,0.128571,0.004104,0,0,0
16000,0.133971,0.000805,0,0,0
16100,0.133971,0.000786,0,0,0
16200,0.133971,0.000805,0,0,0
16300,0.133971,0.000805,0,0,0
16400,0.133971,0.000791,0,0,0
16500,0.134281,0.000805,0,0,0
16600,0.134281,0.000805,0,0,0
16700,0.134281,0.000817,0,0,0
16800,0.134281,0.000916,0,0,0
16900,0.134281,0.002295,0,0,0
17000,0.134281,0.000805,0,0,0
17100,0.134281,0.000805,0,0,0
17200,0.134281,0.000805,0,0,0
17300,0.140616,0.148294,1,0,0
17400,0.142594,0.000805,0,0,0
17500,0.142594,0.000805,0,0,0
17600,0.142594,0.000805,0,0,0
17700,0.142594,0.000857,0,0,0
17800,0.142594,0.000821,0,0,0
17900,0.142594,0.000792,0,0,0
18000,0.142594,0.000861,0,0,0
18100,0.142594,0.000805,0,0,0
18200,0.142594,0.000805,0,0,0
18300,0.142594,0.000805,0,0,0
18400,0.142632,0.148294,1,0,0
18500,0.148294,0.00093,0,0,0
18600,0.148294,0.223235,1,1,0
18700,0.218511,0.16564,0,1,1
18800,0.218511,0.218625,1,1,1
18900,0.218511,0.218625,1,1,1
19000,0.218511,0.252747,1,1,1
19100,0.218511,0.202511,0,1,1
19200,0.218511,0.218625,1,1,1
19300,0.218511,0.160186,0,1,1
19400,0.218511,0.389922,1,1,1
19500,0.218511,0.154367,0,1,1
19600,0.218511,0.218625,1,1,1
19700,0.218511,0.250626,1,1,1
19800,0.218511,0.231057,1,1,1
19900,0.218511,0.218625,1,1,1
20000,0.218511,0.218625,1,1,1
20100,0.218511,0.202511,0,1,1
20200,0.218511,0.218625,1,1,1
20300,0.218511,0.218625,1,1,1
20400,0.218511,0.210115,0,1,1
20500,0.218511,0.218625,1,1,1
20600,0.218511,0.210115,0,1,1
20700,0.218511,0.218625,1,1,1
20800,0.218511,0.202511,0,1,1
20900,0.218511,0.218625,1,1,1
21000,0.218511,0.218625,1,1,1
21100,0.218511,0.000924,0,0,1
21200,0.218511,0.000797,0,0,1
21300,0.218511,0.000805,0,0,1
21400,0.218511,0.000794,0,0,1
21500,0.218511,0.000762,0,0,1
21600,0.218511,0.000785,0,0,1
21700,0.218511,0.000805,0,0,1
21800,0.218511,0.000805,0,0,1
21900,0.218511,0.000805,0,0,1
22000,0.218511,0.000857,0,0,1
22100,0.218511,0.000862,0,0,1
22200,0.218511,0.000896,0,0,1
22300,0.218511,0.411397,1,1,1
22400,0.218511,0.202511,0,1,1
22500,0.218511,0.397511,1,1,1
22600,0.218511,0.218625,1,1,1
22700,0.218511,0.196373,0,1,1
22800,0.218511,0.283354,1,1,1
22900,0.218511,0.223235,1,1,1
23000,0.218511,0.221384,1,1,1
23100,0.218511,0.218625,1,1,1
23200,0.218511,0.218625,1,1,1
23300,0.218511,0.202511,0,1,1
23400,0.218511,0.283354,1,1,1
23500,0.218511,0.218625,1,1,1
23600,0.218511,0.222585,1,1,1
23700,0.218511,0.218625,1,1,1
23800,0.218511,0.218625,1,1,1
23900,0.218511,0.202511,0,1,1
24000,0.218511,0.218625,1,1,1
24100,0.218511,0.202511,0,1,1
24200,0.218511,0.223235,1,1,1
24300,0.218511,0.218625,1,1,1
24400,0.218511,0.265969,1,1,1
24500,0.218511,0.218625,1,1,1
24600,0.218511,0.426376,1,1,1
24700,0.218511,0.218625,1,1,1
24800,0.218511,0.770316,1,1,1
24900,0.218511,0.202511,0,1,1
25000,0.218511,0.218625,1,1,1
25100,0.218511,0.660178,1,1,1
25200,0.218511,0.218625,1,1,1
25300,0.218511,0.202511,0,1,1
25400,0.218511,0.861227,1,1,1
25500,0.218511,0.218625,1,1,1
25600,0.218511,0.223235,1,1,1
25700,0.218511,0.218625,1,1,1
25800,0.218511,0.223235,1,1,1
25900,0.218511,0.391155,1,1,1
26000,0.218511,0.218625,1,1,1
26100,0.218511,0.218625,1,1,1
26200,0.218511,0.274292,1,1,1
26300,0.218511,0.300698,1,1,1
26400,0.218511,0.202511,0,1,1
26500,0.218511,0.202511,0,1,1
26600,0.218511,0.391155,1,1,1
26700,0.218511,0.293307,1,1,1
26800,0.218511,0.218625,1,1,1
26900,0.218511,0.202511,0,1,1
27000,0.218511,0.426376,1,1,1
27100,0.218511,0.389922,1,1,1
27200,0.218511,0.218625,1,1,1
27300,0.218511,0.702071,1,1,1
27400,0.218511,0.138926,0,1,1
27500,0.218511,0.223235,1,1,1
27600,0.218511,0.218625,1,1,1
27700,0.218511,0.391155,1,1,1
27800,0.218511,0.218625,1,1,1
27900,0.218511,0.210115,0,1,1
28000,0.218511,0.218625,1,1,1
28100,0.218511,0.202511,0,1,1
28200,0.218511,0.210115,0,1,1
28300,0.218511,0.218625,1,1,1
28400,0.218511,0.218625,1,1,1
28500,0.218511,0.202511,0,1,1
28600,0.218511,0.218625,1,1,1
28700,0.218511,0.218625,1,1,1
28800,0.218511,0.214594,0,1,1
28900,0.218511,0.218625,1,1,1
29000,0.218511,0.218625,1,1,1
29100,0.218511,0.218625,1,1,1
29200,0.218511,0.218625,1,1,1
29300,0.218511,0.218625,1,1,1
29400,0.218511,0.218625,1,1,1
29500,0.218511,0.202511,0,1,1
29600,0.218511,0.218625,1,1,1
29700,0.218511,0.223235,1,1,1
29800,0.218511,0.202511,0,1,1
29900,0.218511,0.218625,1,1,1
30000,0.218511,0.218625,1,1,1
30100,0.218511,0.218625,1,1,1
30200,0.218511,0.202511,0,1,1
30300,0.218511,0.218625,1,1,1
30400,0.218511,0.218625,1,1,1
30500,0.218511,0.202511,0,1,1
30600,0.218511,0.000805,0,0,1
30700,0.218511,0.000805,0,0,1
30800,0.218511,0.000805,0,0,1
30900,0.5,0.000805,0,0,0
31000,0.5,0.012921,0,0,0
31100,0.5,0.000805,0,0,0
31200,0.5,0.000809,0,0,0
31300,0.5,0.000805,0,0,0
31400,0.5,0.000783,0,0,0
31500,0.5,0.000857,0,0,0
31600,0.5,0.000857,0,0,0
31700,0.5,0.000862,0,0,0
31800,0.5,0.002457,0,0,0
31900,0.5,0.00198,0,0,0
32000,0.5,0.001942,0,0,0
32100,0.5,0.001406,0,0,0
32200,0.5,0.001745,0,0,0
32300,0.426852,0.001739,0,0,0
32400,0.426376,0.00198,0,0,0
32500,0.426094,0.002785,0,0,0
32600,0.410107,0.000862,0,0,0
32700,0.391155,0.000862,0,0,0
32800,0.223235,0.000857,0,0,0
32900,0.223235,0.000792,0,0,0
33000,0.223235,0.426091,1,1,0
33100,0.387041,0.218625,0,1,0
33200,0.397089,0.218625,0,1,0
33300,0.397319,0.202682,0,1,1
33400,0.397319,0.218625,0,1,1
33500,0.397319,0.202511,0,1,1
33600,0.397319,0.223235,0,1,1
33700,0.397319,0.202511,0,1,1
33800,0.397319,0.218625,0,1,1
33900,0.397319,0.300698,0,1,1
34000,0.397319,0.402667,1,1,1
34100,0.397319,0.397511,1,1,1
34200,0.397319,0.391155,0,1,1
34300,0.397319,0.218625,0,1,1
34400,0.397319,0.203872,0,1,1
34500,0.397319,0.202511,0,1,1
34600,0.397319,0.202511,0,1,1
34700,0.397319,0.224247,0,1,1
34800,0.397319,0.202511,0,1,1
34900,0.397319,0.218625,0,1,1
35000,0.397319,0.218625,0,1,1
35100,0.397319,0.218625,0,1,1
35200,0.397319,0.202511,0,1,1
35300,0.397319,0.202511,0,1,1
35400,0.397319,0.230258,0,1,1
35500,0.397319,0.218807,0,1,1
35600,0.397319,0.218625,0,1,1
35700,0.397319,0.397144,0,1,1
35800,0.397319,0.223347,0,1,1
35900,0.397319,0.154367,0,1,1
36000,0.397319,0.402667,1,1,1
36100,0.397319,0.411827,1,1,1
36200,0.397319,0.283354,0,1,1
36300,0.397319,0.250626,0,1,1
36400,0.397319,0.283354,0,1,1
36500,0.397319,0.250626,0,1,1
36600,0.397319,0.418218,1,1,1
36700,0.397319,0.221384,0,1,1
36800,0.397319,0.194471,0,1,1
36900,0.397319,0.202511,0,1,1
37000,0.397319,0.202511,0,1,1
37100,0.397319,0.218625,0,1,1
37200,0.397319,0.194471,0,1,1
37300,0.397319,0.218625,0,1,1
37400,0.397319,0.218625,0,1,1
37500,0.397319,0.218625,0,1,1
37600,0.397319,0.196373,0,1,1
37700,0.397319,0.218625,0,1,1
37800,0.397319,0.218625,0,1,1
37900,0.397319,0.218625,0,1,1
38000,0.397319,0.218625,0,1,1
38100,0.397319,0.194471,0,1,1
38200,0.397319,0.218625,0,1,1
38300,0.5,0.218625,0,1,0
38400,0.5,0.218625,0,1,0
38500,0.5,0.218625,0,1,0
38600,0.5,0.218625,0,1,0
38700,0.5,0.214594,0,1,0
38800,0.5,0.202511,0,1,0
38900,0.5,0.218625,0,1,0
39000,0.5,0.202511,0,1,0
39100,0.5,0.210115,0,1,0
39200,0.5,0.210115,0,1,0
39300,0.5,0.218625,0,1,0
39400,0.5,0.218625,0,1,0
39500,0.5,0.218625,0,1,0
39600,0.5,0.000805,0,0,0
39700,0.5,0.000805,0,0,0
39800,0.5,0.000769,0,0,0
39900,0.5,0.032902,0,0,0
40000,0.5,0.000805,0,0,0
40100,0.5,0.000805,0,0,0
40200,0.5,0.001024,0,0,0
40300,0.5,0.000805,0,0,0
40400,0.5,0.00439,0,0,0
40500,0.5,0.002746,0,0,0
40600,0.5,0.000785,0,0,0
40700,0.5,0.000805,0,0,0
40800,0.5,0.000805,0,0,0
40900,0.5,0.000805,0,0,0
41000,0.5,0.000805,0,0,0
41100,0.5,0.001565,0,0,0
41200,0.5,0.000862,0,0,0
41300,0.5,0.002785,0,0,0
41400,0.426422,0.001565,0,0,0
41500,0.426376,0.000918,0,0,0
41600,0.426376,0.001565,0,0,0
41700,0.402707,0.00198,0,0,0
41800,0.272526,0.00286,0,0,0
41900,0.223235,0.001565,0,0,0
42000,0.223235,0.000862,0,0,0
42100,0.223235,0.002457,0,0,0
42200,0.223235,0.001567,0,0,0
42300,0.223235,0.000862,0,0,0
42400,0.223235,0.001565,0,0,0
42500,0.223235,0.000908,0,0,0
42600,0.223235,0.003071,0,0,0
42700,0.223235,0.391155,1,1,0
42800,0.283156,0.218625,0,1,0
42900,0.296166,0.218625,0,1,1
43000,0.296166,0.426376,1,1,1
43100,0.296166,0.202511,0,1,1
43200,0.296166,0.218625,0,1,1
43300,0.296166,0.218625,0,1,1
43400,0.296166,0.218625,0,1,1
43500,0.296166,0.218807,0,1,1
43600,0.296166,0.202511,0,1,1
43700,0.296166,0.218625,0,1,1
43800,0.296166,0.419234,1,1,1
43900,0.296166,0.218625,0,1,1
44000,0.296166,0.389922,1,1,1
44100,0.296166,0.306736,1,1,1
44200,0.296166,0.226256,0,1,1
44300,0.296166,0.202511,0,1,1
44400,0.296166,0.218625,0,1,1
44500,0.296166,0.218625,0,1,1
44600,0.296166,0.218625,0,1,1
44700,0.296166,0.154367,0,1,1
44800,0.296166,0.202511,0,1,1
44900,0.296166,0.218625,0,1,1
45000,0.296166,0.202511,0,1,1
45100,0.296166,0.218625,0,1,1
45200,0.296166,0.426376,1,1,1
45300,0.296166,0.210115,0,1,1
45400,0.296166,0.300698,1,1,1
45500,0.296166,0.26028,0,1,1
45600,0.296166,0.744898,1,1,1
45700,0.296166,0.206139,0,1,1
45800,0.296166,0.194471,0,1,1
45900,0.296166,0.252598,0,1,1
46000,0.296166,0.233201,0,1,1
46100,0.296166,0.283354,0,1,1
46200,0.296166,0.397511,1,1,1
46300,0.296166,0.16111,0,1,1
46400,0.296166,0.426376,1,1,1
46500,0.296166,0.210115,0,1,1
46600,0.296166,0.202511,0,1,1
46700,0.296166,0.218625,0,1,1
46800,0.296166,0.218625,0,1,1
46900,0.296166,0.218625,0,1,1
47000,0.296166,0.218625,0,1,1
47100,0.296166,0.210115,0,1,1
47200,0.296166,0.210115,0,1,1
47300,0.296166,0.218625,0,1,1
47400,0.296166,0.202511,0,1,1
47500,0.296166,0.218625,0,1,1
47600,0.296166,0.202511,0,1,1
47700,0.296166,0.218625,0,1,1
47800,0.296166,0.218625,0,1,1
47900,0.346166,0.202511,0,1,0
48000,0.5,0.218625,0,1,0
48100,0.5,0.202511,0,1,0
48200,0.5,0.210115,0,1,0
48300,0.5,0.210115,0,1,0
48400,0.5,0.218625,0,1,0
48500,0.5,0.218625,0,1,0
48600,0.5,0.218625,0,1,0
48700,0.5,0.218625,0,1,0
48800,0.5,0.202511,0,1,0
48900,0.5,0.210115,0,1,0
49000,0.5,0.218625,0,1,0
49100,0.5,0.202511,0,1,0
49200,0.5,0.218625,0,1,0
49300,0.5,0.000915,0,0,0
49400,0.5,0.000805,0,0,0
49500,0.5,0.000805,0,0,0
49600,0.5,0.000805,0,0,0
49700,0.5,0.000805,0,0,0
49800,0.5,0.005509,0,0,0
49900,0.5,0.000834,0,0,0
50000,0.5,0.000805,0,0,0
50100,0.5,0.000793,0,0,0
50200,0.5,0.00105,0,0,0
50300,0.5,0.000805,0,0,0
50400,0.5,0.000862,0,0,0
50500,0.5,0.000862,0,0,0
50600,0.5,0.001401,0,0,0
50700,0.438844,0.001,0,0,0
50800,0.432151,0.001565,0,0,0
50900,0.432149,0.001565,0,0,0
51000,0.432084,0.000857,0,0,0
51100,0.426376,0.001565,0,0,0
51200,0.426376,0.002458,0,0,0
51300,0.426376,0.000857,0,0,0
51400,0.223871,0.001565,0,0,0
51500,0.223235,0.000857,0,0,0
51600,0.223235,0.001565,0,0,0
51700,0.223235,0.002208,0,0,0
51800,0.223235,0.000811,0,0,0
51900,0.223235,0.000805,0,0,0
52000,0.223235,0.000942,0,0,0
52100,0.223235,0.283354,1,1,0
52200,0.283329,0.218625,0,1,0
52300,0.396011,0.218625,0,1,1
52400,0.396011,0.218625,0,1,1
52500,0.396011,0.218625,0,1,1
52600,0.396011,0.300698,0,1,1
52700,0.396011,0.218625,0,1,1
52800,0.396011,0.397511,1,1,1
52900,0.396011,0.218625,0,1,1
53000,0.396011,0.218625,0,1,1
53100,0.396011,0.218625,0,1,1
53200,0.396011,0.397511,1,1,1
53300,0.396011,0.22228,0,1,1
53400,0.396011,0.218625,0,1,1
53500,0.396011,0.300698,0,1,1
53600,0.396011,0.218625,0,1,1
53700,0.396011,0.202511,0,1,1
53800,0.396011,0.218625,0,1,1
53900,0.396011,0.192745,0,1,1
54000,0.396011,0.283354,0,1,1
54100,0.396011,0.218625,0,1,1
54200,0.396011,0.202511,0,1,1
54300,0.396011,0.426376,1,1,1
54400,0.396011,0.218625,0,1,1
54500,0.396011,0.202511,0,1,1
54600,0.396011,0.243889,0,1,1
54700,0.396011,0.761127,1,1,1
54800,0.396011,0.241912,0,1,1
54900,0.396011,0.16111,0,1,1
55000,0.396011,0.426091,1,1,1
55100,0.396011,0.224035,0,1,1
55200,0.396011,0.283354,0,1,1
55300,0.396011,0.232276,0,1,1
55400,0.396011,0.16111,0,1,1
55500,0.396011,0.389922,0,1,1
55600,0.396011,0.761127,1,1,1
55700,0.396011,0.387224,0,1,1
55800,0.396011,0.210115,0,1,1
55900,0.396011,0.218625,0,1,1
56000,0.396011,0.218625,0,1,1
56100,0.396011,0.218625,0,1,1
56200,0.396011,0.218625,0,1,1
56300,0.396011,0.202511,0,1,1
56400,0.396011,0.194471,0,1,1
56500,0.396011,0.218625,0,1,1
56600,0.396011,0.218625,0,1,1
56700,0.396011,0.218625,0,1,1
56800,0.396011,0.202511,0,1,1
56900,0.396011,0.218625,0,1,1
57000,0.396011,0.218625,0,1,1
57100,0.396011,0.218625,0,1,1
57200,0.396011,0.218625,0,1,1
57300,0.5,0.218625,0,1,0
57400,0.5,0.218625,0,1,0
57500,0.5,0.202511,0,1,0
57600,0.5,0.218625,0,1,0
57700,0.5,0.218625,0,1,0
57800,0.5,0.218625,0,1,0
57900,0.5,0.218625,0,1,0
58000,0.5,0.194471,0,1,0
58100,0.5,0.194471,0,1,0
58200,0.5,0.202511,0,1,0
58300,0.5,0.202511,0,1,0
58400,0.5,0.202511,0,1,0
58500,0.5,0.194471,0,1,0
58600,0.5,0.002321,0,0,0
58700,0.5,0.000959,0,0,0
58800,0.5,0.000805,0,0,0
58900,0.5,0.000805,0,0,0
59000,0.5,0.006274,0,0,0
59100,0.5,0.004047,0,0,0
59200,0.5,0.000805,0,0,0
59300,0.5,0.000805,0,0,0
59400,0.5,0.000805,0,0,0
59500,0.5,0.001406,0,0,0
59600,0.5,0.000862,0,0,0
59700,0.5,0.000908,0,0,0
59800,0.5,0.001597,0,0,0
59900,0.5,0.001401,0,0,0
60000,0.5,0.000862,0,0,0
60100,0.5,0.001565,0,0,0
60200,0.5,0.001,0,0,0
60300,0.5,0.000857,0,0,0
60400,0.426376,0.001739,0,0,0
60500,0.426376,0.000862,0,0,0
60600,0.401264,0.002458,0,0,0
60700,0.39709,0.001565,0,0,0
60800,0.223235,0.000857,0,0,0
60900,0.223235,0.002785,0,0,0
61000,0.223235,0.000969,0,0,0
61100,0.223235,0.000932,0,0,0
61200,0.223235,0.418218,1,1,0
61300,0.405984,0.218625,0,1,0
61400,0.418215,0.223347,0,1,0
61500,0.42609,0.218625,0,1,1
61600,0.42609,0.218625,0,1,1
61700,0.42609,0.218625,0,1,1
61800,0.42609,0.387224,0,1,1
61900,0.42609,0.218625,0,1,1
62000,0.42609,0.202511,0,1,1
62100,0.42609,0.202511,0,1,1
62200,0.42609,0.160186,0,1,1
62300,0.42609,0.218625,0,1,1
62400,0.42609,0.218625,0,1,1
62500,0.42609,0.217131,0,1,1
62600,0.42609,0.465568,1,1,1
62700,0.42609,0.202511,0,1,1
62800,0.42609,0.265969,0,1,1
62900,0.42609,0.418218,0,1,1
63000,0.42609,0.218625,0,1,1
63100,0.42609,0.218625,0,1,1
63200,0.42609,0.218625,0,1,1
63300,0.42609,0.16111,0,1,1
63400,0.42609,0.283354,0,1,1
63500,0.42609,0.250626,0,1,1
63600,0.42609,0.202511,0,1,1
63700,0.42609,0.218625,0,1,1
63800,0.42609,0.4386,1,1,1
63900,0.42609,0.283354,0,1,1
64000,0.42609,0.154367,0,1,1
64100,0.42609,0.426376,1,1,1
64200,0.42609,0.674462,1,1,1
64300,0.42609,0.387224,0,1,1
64400,0.42609,0.39709,0,1,1
64500,0.42609,0.283354,0,1,1
64600,0.42609,0.426376,1,1,1
64700,0.42609,0.762245,1,1,1
64800,0.42609,0.418218,0,1,1
64900,0.42609,0.391155,0,1,1
65000,0.42609,0.282669,0,1,1
65100,0.42609,0.389922,0,1,1
65200,0.42609,0.218625,0,1,1
65300,0.42609,0.218625,0,1,1
65400,0.42609,0.202511,0,1,1
65500,0.42609,0.210115,0,1,1
65600,0.42609,0.218625,0,1,1
65700,0.42609,0.218625,0,1,1
65800,0.42609,0.218625,0,1,1
65900,0.42609,0.218625,0,1,1
66000,0.42609,0.202511,0,1,1
66100,0.42609,0.218625,0,1,1
66200,0.42609,0.210115,0,1,1
66300,0.42609,0.218625,0,1,1
66400,0.42609,0.202511,0,1,1
66500,0.5,0.218625,0,1,0
66600,0.5,0.202511,0,1,0
66700,0.5,0.194471,0,1,0
66800,0.5,0.218625,0,1,0
66900,0.5,0.210115,0,1,0
67000,0.5,0.218625,0,1,0
67100,0.5,0.202511,0,1,0
67200,0.5,0.218625,0,1,0
67300,0.5,0.202511,0,1,0
67400,0.5,0.210115,0,1,0
67500,0.5,0.214594,0,1,0
67600,0.5,0.202511,0,1,0
67700,0.5,0.218625,0,1,0
67800,0.5,0.202511,0,1,0
67900,0.5,0.210115,0,1,0
68000,0.5,0.210115,0,1,0
68100,0.5,0.218625,0,1,0
68200,0.5,0.018128,0,0,0
68300,0.5,0.000805,0,0,0
68400,0.5,0.000805,0,0,0
68500,0.5,0.000805,0,0,0
68600,0.5,0.003347,0,0,0
68700,0.5,0.000805,0,0,0
68800,0.5,0.001457,0,0,0
68900,0.5,0.000805,0,0,0
69000,0.5,0.002304,0,0,0
69100,0.5,0.001942,0,0,0
69200,0.5,0.000862,0,0,0
69300,0.5,0.000857,0,0,0
69400,0.5,0.000913,0,0,0
69500,0.5,0.002785,0,0,0
69600,0.5,0.002457,0,0,0
69700,0.5,0.000908,0,0,0
69800,0.5,0.001739,0,0,0
69900,0.5,0.000862,0,0,0
70000,0.499282,0.000862,0,0,0
70100,0.499282,0.000857,0,0,0
70200,0.223235,0.00198,0,0,0
70300,0.223235,0.000896,0,0,0
70400,0.331319,0.218625,0,1,0
70500,0.426089,0.218625,0,1,0
70600,0.426091,0.391155,0,1,0
70700,0.426376,0.283354,0,1,0
70800,0.426376,0.283354,0,1,0
70900,0.426376,0.260056,0,1,0
71000,0.426376,0.218625,0,1,0
71100,0.426376,0.389922,0,1,0
71200,0.426376,0.770316,1,1,0
71300,0.426376,0.218625,0,1,0
71400,0.426376,0.283354,0,1,0
71500,0.426376,0.418218,0,1,0
71600,0.426376,0.218625,0,1,0
71700,0.426376,0.224247,0,1,0
71800,0.426376,0.218625,0,1,0
71900,0.480043,0.218625,0,1,0
72000,0.480043,0.218625,0,1,0
72100,0.480043,0.202511,0,1,0
72200,0.480043,0.218625,0,1,0
72300,0.480043,0.391155,0,1,0
72400,0.5,0.160186,0,1,0
72500,0.5,0.465199,0,1,0
72600,0.5,0.196373,0,1,0
72700,0.5,0.250626,0,1,0
72800,0.5,0.218625,0,1,0
72900,0.5,0.218625,0,1,0
73000,0.5,0.283354,0,1,0
73100,0.5,0.283354,0,1,0
73200,0.5,0.230258,0,1,0
73300,0.5,0.391155,0,1,0
73400,0.5,0.283354,0,1,0
73500,0.5,0.426376,0,1,0
73600,0.5,0.75451,1,1,0
73700,0.5,0.24517,0,1,0
73800,0.5,0.39709,0,1,0
73900,0.5,0.283354,0,1,0
74000,0.5,0.250626,0,1,0
74100,0.5,0.770316,1,1,0
74200,0.5,0.300698,0,1,0
74300,0.5,0.39709,0,1,0
74400,0.5,0.218625,0,1,1
74500,0.5,0.218625,0,1,1
74600,0.5,0.218625,0,1,1
74700,0.5,0.218625,0,1,1
74800,0.5,0.210115,0,1,1
74900,0.5,0.218625,0,1,1
75000,0.5,0.218625,0,1,1
75100,0.5,0.218625,0,1,1
75200,0.5,0.218625,0,1,1
75300,0.5,0.210115,0,1,1
75400,0.5,0.202511,0,1,1
75500,0.5,0.218625,0,1,1
75600,0.5,0.218625,0,1,1
75700,0.5,0.218625,0,1,1
75800,0.5,0.210115,0,1,1
75900,0.5,0.194471,0,1,1
76000,0.5,0.223235,0,1,1
76100,0.5,0.218625,0,1,1
76200,0.5,0.202511,0,1,1
76300,0.5,0.202511,0,1,1
76400,0.5,0.218625,0,1,1
76500,0.5,0.218625,0,1,1
76600,0.5,0.218625,0,1,1
76700,0.5,0.202511,0,1,1
76800,0.5,0.218625,0,1,1
76900,0.5,0.218625,0,1,1
77000,0.5,0.218625,0,1,1
77100,0.5,0.202511,0,1,1
77200,0.5,0.194471,0,1,1
77300,0.5,0.000794,0,0,1
77400,0.5,0.000908,0,0,1
77500,0.5,0.000857,0,0,1
77600,0.5,0.002788,0,0,1
77700,0.5,0.000857,0,0,1
77800,0.5,0.00086,0,0,1
77900,0.5,0.000862,0,0,1
78000,0.5,0.002458,0,0,1
78100,0.5,0.002788,0,0,1
78200,0.5,0.00198,0,0,1
78300,0.5,0.001942,0,0,1
78400,0.5,0.000862,0,0,1
78500,0.5,0.000857,0,0,1
78600,0.5,0.000862,0,0,1
78700,0.5,0.465199,0,1,1
78800,0.5,0.218625,0,1,1
78900,0.5,0.389922,0,1,1
79000,0.5,0.218625,0,1,1
79100,0.5,0.218625,0,1,1
79200,0.5,0.202511,0,1,1
79300,0.5,0.218625,0,1,1
79400,0.426433,0.202511,0,1,0
79500,0.458784,0.218625,0,1,0
79600,0.465348,0.283354,0,1,0
79700,0.465348,0.218625,0,1,0
79800,0.480041,0.202511,0,1,0
79900,0.480041,0.202511,0,1,0
80000,0.480417,0.218625,0,1,0
80100,0.5,0.192745,0,1,0
80200,0.5,0.300698,0,1,0
80300,0.5,0.387224,0,1,0
80400,0.5,0.218625,0,1,0
80500,0.5,0.761127,1,1,0
80600,0.5,0.223235,0,1,0
80700,0.5,0.202511,0,1,0
80800,0.5,0.218625,0,1,0
80900,0.5,0.2286,0,1,0
81000,0.5,0.218625,0,1,0
81100,0.5,0.300698,0,1,0
81200,0.5,0.761127,1,1,0
81300,0.5,0.418218,0,1,0
81400,0.5,0.389922,0,1,0
81500,0.5,0.4386,0,1,0
81600,0.5,0.387224,0,1,0
81700,0.5,0.210115,0,1,0
81800,0.5,0.154367,0,1,0
81900,0.5,0.426376,0,1,0
82000,0.5,0.39709,0,1,0
82100,0.5,0.283354,0,1,0
82200,0.5,0.426376,0,1,0
82300,0.5,0.761127,1,1,0
82400,0.5,0.171799,0,1,0
82500,0.5,0.210115,0,1,0
82600,0.5,0.218625,0,1,0
82700,0.5,0.218625,0,1,0
82800,0.5,0.218625,0,1,0
82900,0.5,0.202511,0,1,0
83000,0.5,0.218625,0,1,0
83100,0.5,0.210115,0,1,0
83200,0.5,0.202511,0,1,0
83300,0.5,0.218625,0,1,0
83400,0.5,0.202511,0,1,0
83500,0.5,0.218625,0,1,0
83600,0.5,0.218625,0,1,0
83700,0.5,0.202511,0,1,0
83800,0.5,0.194471,0,1,0
83900,0.5,0.218625,0,1,0
84000,0.5,0.218625,0,1,0
84100,0.5,0.218625,0,1,0
84200,0.5,0.218625,0,1,0
84300,0.5,0.218625,0,1,0
84400,0.5,0.218625,0,1,0
84500,0.5,0.218625,0,1,0
84600,0.5,0.218625,0,1,0
84700,0.5,0.218625,0,1,0
84800,0.5,0.202511,0,1,0
84900,0.5,0.210115,0,1,0
85000,0.5,0.218625,0,1,0
85100,0.5,0.202511,0,1,0
85200,0.5,0.218625,0,1,0
85300,0.5,0.210115,0,1,0
85400,0.5,0.210115,0,1,0
85500,0.5,0.001546,0,0,0
85600,0.5,0.000805,0,0,0
85700,0.5,0.000805,0,0,0
85800,0.5,0.000805,0,0,0
85900,0.5,0.000805,0,0,0
86000,0.5,0.004104,0,0,0
86100,0.5,0.000792,0,0,0
86200,0.5,0.000857,0,0,0
86300,0.5,0.002458,0,0,0
86400,0.5,0.000862,0,0,0
86500,0.5,0.002788,0,0,0
86600,0.5,0.000862,0,0,0
86700,0.5,0.001565,0,0,0
86800,0.5,0.000913,0,0,0
86900,0.5,0.001779,0,0,0
87000,0.5,0.001942,0,0,0
87100,0.5,0.002304,0,0,0
87200,0.5,0.000857,0,0,0
87300,0.5,0.002788,0,0,0
87400,0.426376,0.426091,0,1,0
87500,0.426091,0.221384,0,1,0
87600,0.397089,0.218625,0,1,0
87700,0.426376,0.218625,0,1,0
87800,0.426376,0.218625,0,1,0
87900,0.426376,0.218625,0,1,0
88000,0.426376,0.426376,1,1,0
88100,0.5,0.218625,0,1,0
88200,0.5,0.283354,0,1,0
88300,0.5,0.300698,0,1,0
88400,0.5,0.402667,0,1,0
88500,0.5,0.397511,0,1,0
88600,0.5,0.202511,0,1,0
88700,0.5,0.430268,0,1,0
88800,0.5,0.426091,0,1,0
88900,0.5,0.218625,0,1,0
89000,0.5,0.218625,0,1,0
89100,0.5,0.223235,0,1,0
89200,0.5,0.202511,0,1,0
89300,0.5,0.202511,0,1,0
89400,0.5,0.202511,0,1,0
89500,0.5,0.283354,0,1,0
89600,0.5,0.419234,0,1,0
89700,0.5,0.202511,0,1,0
89800,0.5,0.387224,0,1,0
89900,0.5,0.391155,0,1,0
90000,0.5,0.154367,0,1,0
90100,0.5,0.397511,0,1,0
90200,0.5,0.60458,1,1,0
90300,0.5,0.387224,0,1,0
90400,0.5,0.194471,0,1,0
90500,0.5,0.283354,0,1,0
90600,0.5,0.426376,0,1,0
90700,0.5,0.391155,0,1,0
90800,0.5,0.283354,0,1,0
90900,0.5,0.248577,0,1,0
91000,0.5,0.674462,1,1,0
91100,0.5,0.218625,0,1,0
91200,0.5,0.202511,0,1,0
91300,0.5,0.218625,0,1,0
91400,0.5,0.210115,0,1,0
91500,0.5,0.218625,0,1,0
91600,0.5,0.202511,0,1,0
91700,0.5,0.202511,0,1,0
91800,0.5,0.218625,0,1,0
91900,0.5,0.218625,0,1,0
92000,0.5,0.218625,0,1,0
92100,0.5,0.210115,0,1,0
92200,0.5,0.223235,0,1,0
92300,0.5,0.218625,0,1,0
92400,0.5,0.218625,0,1,0
92500,0.5,0.218625,0,1,0
92600,0.5,0.218625,0,1,0
92700,0.5,0.202511,0,1,0
92800,0.5,0.202511,0,1,0
92900,0.5,0.218625,0,1,0
93000,0.5,0.210115,0,1,0
93100,0.5,0.218625,0,1,0
93200,0.5,0.202511,0,1,0
93300,0.5,0.202511,0,1,0
93400,0.5,0.218625,0,1,0
93500,0.5,0.210115,0,1,0
93600,0.5,0.218625,0,1,0
93700,0.5,0.218625,0,1,0
93800,0.5,0.000981,0,0,0
93900,0.5,0.001434,0,0,0
94000,0.5,0.001401,0,0,0
94100,0.5,0.001565,0,0,0
94200,0.5,0.000862,0,0,0
94300,0.5,0.000857,0,0,0
94400,0.5,0.001565,0,0,0
94500,0.5,0.001942,0,0,0
94600,0.5,0.002454,0,0,0
94700,0.5,0.001745,0,0,0
94800,0.5,0.001406,0,0,0
94900,0.5,0.00198,0,0,0
95000,0.5,0.002458,0,0,0
95100,0.5,0.000862,0,0,0
95200,0.5,0.000857,0,0,0
95300,0.5,0.000862,0,0,0
95400,0.5,0.000857,0,0,0
95500,0.5,0.202511,0,1,0
95600,0.5,0.202511,0,1,0
95700,0.5,0.210115,0,1,0
95800,0.5,0.202511,0,1,0
95900,0.5,0.218625,0,1,0
96000,0.283383,0.218625,0,1,0
96100,0.223235,0.218625,0,1,0
96200,0.223235,0.202511,0,1,0
96300,0.223235,0.194471,0,1,0
96400,0.223235,0.218625,0,1,0
96500,0.223235,0.218625,0,1,0
96600,0.223235,0.218625,0,1,0
96700,0.223235,0.210115,0,1,0
96800,0.223235,0.218625,0,1,0
96900,0.223235,0.218625,0,1,0
97000,0.223235,0.218625,0,1,0
97100,0.223235,0.218625,0,1,0
97200,0.223235,0.218625,0,1,0
97300,0.223235,0.194471,0,1,0
97400,0.223235,0.223235,0,1,0
97500,0.223235,0.218625,0,1,0
97600,0.223235,0.202511,0,1,0
97700,0.223235,0.218625,0,1,0
97800,0.223235,0.210115,0,1,0
97900,0.223235,0.202511,0,1,0
98000,0.226233,0.770316,1,1,0
98100,0.426167,0.258963,0,1,1
98200,0.426167,0.192714,0,1,1
98300,0.426167,0.283354,0,1,1
98400,0.426167,0.39709,0,1,1
98500,0.426167,0.770316,1,1,1
98600,0.426167,0.19412,0,1,1
98700,0.426167,0.389922,0,1,1
98800,0.426167,0.810831,1,1,1
98900,0.426167,0.283354,0,1,1
99000,0.426167,0.426376,1,1,1
99100,0.426167,0.391155,0,1,1
99200,0.426167,0.214594,0,1,1
99300,0.426167,0.177359,0,1,1
99400,0.426167,0.210115,0,1,1
99500,0.426167,0.283354,0,1,1
99600,0.426167,0.218625,0,1,1
99700,0.426167,0.223347,0,1,1
99800,0.426167,0.202511,0,1,1
99900,0.426167,0.283354,0,1,1
100000,0.426167,0.218625,0,1,1
100100,0.426167,0.202511,0,1,1
100200,0.426167,0.218625,0,1,1
100300,0.426167,0.16111,0,1,1
100400,0.426167,0.418218,0,1,1
100500,0.426167,0.426376,1,1,1
100600,0.426167,0.218625,0,1,1
100700,0.426167,0.218625,0,1,1
100800,0.426167,0.202511,0,1,1
100900,0.426167,0.218625,0,1,1
101000,0.426167,0.218625,0,1,1
101100,0.426167,0.218625,0,1,1
101200,0.426167,0.283354,0,1,1
101300,0.426167,0.244397,0,1,1
101400,0.426167,0.218625,0,1,1
101500,0.426167,0.218625,0,1,1
101600,0.426167,0.218625,0,1,1
101700,0.426167,0.387224,0,1,1
101800,0.426167,0.001374,0,0,1
101900,0.426167,0.000805,0,0,1
102000,0.426167,0.000805,0,0,1
102100,0.426167,0.000799,0,0,1
102200,0.426167,0.142594,0,0,1
102300,0.426167,0.000805,0,0,1
102400,0.426167,0.000857,0,0,1
102500,0.426167,0.002788,0,0,1
102600,0.426167,0.00198,0,0,1
102700,0.426167,0.000857,0,0,1
102800,0.426167,0.000857,0,0,1
102900,0.426167,0.001401,0,0,1
103000,0.426167,0.000857,0,0,1
103100,0.5,0.001942,0,0,0
103200,0.5,0.000858,0,0,0
103300,0.5,0.00111,0,0,0
103400,0.5,0.00111,0,0,0
103500,0.5,0.000857,0,0,0
103600,0.5,0.002454,0,0,0
103700,0.5,0.001656,0,0,0
103800,0.5,0.001565,0,0,0
103900,0.5,0.39709,0,1,0
104000,0.5,0.426376,0,1,0
104100,0.5,0.397511,0,1,0
104200,0.5,0.283354,0,1,0
104300,0.5,0.426091,0,1,0
104400,0.5,0.210115,0,1,0
104500,0.5,0.574713,1,1,0
104600,0.5,0.660178,1,1,0
104700,0.5,0.210115,0,1,0
104800,0.5,0.218625,0,1,0
104900,0.5,0.210115,0,1,0
105000,0.5,0.210115,0,1,0
105100,0.5,0.202511,0,1,0
105200,0.5,0.218625,0,1,0
105300,0.5,0.202511,0,1,0
105400,0.5,0.218625,0,1,0
105500,0.5,0.218625,0,1,0
105600,0.5,0.218625,0,1,0
105700,0.5,0.218625,0,1,0
105800,0.5,0.218625,0,1,0
105900,0.5,0.218625,0,1,0
106000,0.5,0.218625,0,1,0
106100,0.5,0.223235,0,1,0
106200,0.5,0.210115,0,1,0
106300,0.5,0.210115,0,1,0
106400,0.5,0.218625,0,1,0
106500,0.5,0.202511,0,1,0
106600,0.5,0.202511,0,1,0
106700,0.5,0.202511,0,1,0
106800,0.5,0.218625,0,1,0
106900,0.5,0.202511,0,1,0
107000,0.5,0.202511,0,1,0
107100,0.5,0.218625,0,1,0
107200,0.5,0.674462,1,1,0
107300,0.5,0.426376,0,1,0
107400,0.5,0.210115,0,1,0
107500,0.5,0.194071,0,1,0
107600,0.5,0.223347,0,1,0
107700,0.5,0.194471,0,1,0
107800,0.5,0.221384,0,1,0
107900,0.5,0.389922,0,1,0
108000,0.5,0.223347,0,1,0
108100,0.5,0.202511,0,1,0
108200,0.5,0.218625,0,1,0
108300,0.5,0.223347,0,1,0
108400,0.5,0.218625,0,1,0
108500,0.5,0.218625,0,1,0
108600,0.5,0.218625,0,1,0
108700,0.5,0.218625,0,1,0
108800,0.5,0.202511,0,1,0
108900,0.5,0.218625,0,1,0
109000,0.5,0.391155,0,1,0
109100,0.5,0.202511,0,1,0
109200,0.5,0.300698,0,1,0
109300,0.5,0.218625,0,1,0
109400,0.5,0.218625,0,1,0
109500,0.5,0.218625,0,1,0
109600,0.5,0.300698,0,1,0
109700,0.5,0.39709,0,1,0
109800,0.5,0.218625,0,1,0
109900,0.5,0.000796,0,0,0
110000,0.5,0.000805,0,0,0
110100,0.5,0.000857,0,0,0
110200,0.5,0.001002,0,0,0
110300,0.5,0.000862,0,0,0
110400,0.5,0.00111,0,0,0
110500,0.5,0.00111,0,0,0
110600,0.5,0.000862,0,0,0
110700,0.5,0.000857,0,0,0
110800,0.5,0.00139,0,0,0
110900,0.5,0.001745,0,0,0
111000,0.5,0.001565,0,0,0
111100,0.5,0.00111,0,0,0
111200,0.5,0.002208,0,0,0
111300,0.5,0.000862,0,0,0
111400,0.5,0.001406,0,0,0
111500,0.5,0.00111,0,0,0
111600,0.5,0.001567,0,0,0
111700,0.5,0.000862,0,0,0
111800,0.5,0.000862,0,0,0
111900,0.5,0.00198,0,0,0
112000,0.5,0.000991,0,0,0
112100,0.5,0.226324,0,1,0
112200,0.5,0.265969,0,1,0
112300,0.5,0.397511,0,1,0
112400,0.5,0.215094,0,1,0
112500,0.5,0.25874,0,1,0
112600,0.5,0.210115,0,1,0
112700,0.5,0.265969,0,1,0
112800,0.5,0.402667,0,1,0
112900,0.5,0.210115,0,1,0
113000,0.5,0.300698,0,1,0
113100,0.5,0.223347,0,1,0
113200,0.5,0.761127,1,1,0
113300,0.5,0.244397,0,1,0
113400,0.5,0.210115,0,1,0
113500,0.5,0.300698,0,1,0
113600,0.5,0.194471,0,1,0
113700,0.5,0.218625,0,1,0
113800,0.5,0.218625,0,1,0
113900,0.5,0.218625,0,1,0
114000,0.5,0.210115,0,1,0
114100,0.5,0.202511,0,1,0
114200,0.5,0.202511,0,1,0
114300,0.5,0.210115,0,1,0
114400,0.5,0.210115,0,1,0
114500,0.5,0.210115,0,1,0
114600,0.5,0.218625,0,1,0
114700,0.5,0.218625,0,1,0
114800,0.5,0.218625,0,1,0
114900,0.5,0.202511,0,1,0
115000,0.5,0.218625,0,1,0
115100,0.5,0.218625,0,1,0
115200,0.5,0.218625,0,1,0
115300,0.5,0.194471,0,1,0
115400,0.5,0.194471,0,1,0
115500,0.5,0.218625,0,1,0
115600,0.5,0.218625,0,1,0
115700,0.5,0.218625,0,1,0
115800,0.5,0.218625,0,1,0
115900,0.5,0.218625,0,1,0
116000,0.5,0.655014,1,1,0
116100,0.5,0.202511,0,1,0
116200,0.5,0.332688,0,1,0
116300,0.5,0.218625,0,1,0
116400,0.5,0.218625,0,1,0
116500,0.5,0.426091,0,1,0
116600,0.5,0.202511,0,1,0
116700,0.5,0.218625,0,1,0
116800,0.5,0.202511,0,1,0
116900,0.5,0.218625,0,1,0
117000,0.5,0.218625,0,1,0
117100,0.5,0.283354,0,1,0
117200,0.5,0.300698,0,1,0
117300,0.5,0.387224,0,1,0
117400,0.5,0.218625,0,1,0
117500,0.5,0.218625,0,1,0
117600,0.5,0.218625,0,1,0
117700,0.5,0.387224,0,1,0
117800,0.5,0.224247,0,1,0
117900,0.5,0.770316,1,1,0
118000,0.5,0.218625,0,1,0
118100,0.5,0.282669,0,1,0
118200,0.5,0.002955,0,0,0
118300,0.5,0.000805,0,0,0
118400,0.5,0.000805,0,0,0
118500,0.5,0.000805,0,0,0
118600,0.5,0.003347,0,0,0
118700,0.5,0.000805,0,0,0
118800,0.5,0.000805,0,0,0
118900,0.5,0.000862,0,0,0
119000,0.5,0.000857,0,0,0
119100,0.5,0.001002,0,0,0
119200,0.5,0.000857,0,0,0
119300,0.5,0.000862,0,0,0
119400,0.5,0.001095,0,0,0
119500,0.5,0.000857,0,0,0
119600,0.5,0.002208,0,0,0
119700,0.5,0.00198,0,0,0
119800,0.5,0.000857,0,0,0
119900,0.5,0.001942,0,0,0
120000,0.5,0.000913,0,0,0
120100,0.5,0.000857,0,0,0
120200,0.5,0.001095,0,0,0
120300,0.5,0.002788,0,0,0
120400,0.5,0.00198,0,0,0
120500,0.5,0.001565,0,0,0
120600,0.5,0.000862,0,0,0
120700,0.5,0.000813,0,0,0
120800,0.5,0.426376,0,1,0
120900,0.5,0.236754,0,1,0
121000,0.5,0.770316,1,1,0
121100,0.5,0.303688,0,1,0
121200,0.5,0.426376,0,1,0
121300,0.5,0.402667,0,1,0
121400,0.5,0.282669,0,1,0
121500,0.5,0.194471,0,1,1
121600,0.5,0.154367,0,1,1
121700,0.5,0.426376,0,1,1
121800,0.5,0.16111,0,1,1
121900,0.5,0.426376,0,1,1
122000,0.5,0.283354,0,1,1
122100,0.5,0.250626,0,1,1
122200,0.5,0.218625,0,1,1
122300,0.5,0.202511,0,1,1
122400,0.5,0.210115,0,1,1
122500,0.5,0.218625,0,1,1
122600,0.5,0.218625,0,1,1
122700,0.5,0.218625,0,1,1
122800,0.5,0.218625,0,1,1
122900,0.5,0.194471,0,1,1
123000,0.5,0.194471,0,1,1
123100,0.5,0.202511,0,1,1
123200,0.5,0.202511,0,1,1
123300,0.5,0.218625,0,1,1
123400,0.5,0.210115,0,1,1
123500,0.5,0.202511,0,1,1
123600,0.5,0.218625,0,1,1
123700,0.5,0.218625,0,1,1
123800,0.5,0.218625,0,1,1
123900,0.5,0.194471,0,1,1
124000,0.5,0.218625,0,1,1
124100,0.5,0.202511,0,1,1
124200,0.5,0.210115,0,1,1
124300,0.5,0.218625,0,1,1
124400,0.5,0.194471,0,1,1
124500,0.5,0.218625,0,1,1
124600,0.5,0.232276,0,1,1
124700,0.5,0.218625,0,1,1
124800,0.5,0.218625,0,1,1
124900,0.5,0.16111,0,1,1
125000,0.5,0.202511,0,1,1
125100,0.5,0.218625,0,1,1
125200,0.5,0.322097,0,1,1
125300,0.5,0.218625,0,1,1
125400,0.5,0.283354,0,1,1
125500,0.5,0.283354,0,1,1
125600,0.5,0.218625,0,1,1
125700,0.5,0.250626,0,1,1
125800,0.5,0.218625,0,1,1
125900,0.5,0.154367,0,1,1
126000,0.5,0.244397,0,1,1
126100,0.5,0.218625,0,1,1
126200,0.5,0.218625,0,1,1
126300,0.5,0.218625,0,1,1
126400,0.5,0.218625,0,1,1
126500,0.5,0.25874,0,1,0
126600,0.5,0.426376,0,1,0
126700,0.5,0.202511,0,1,0
126800,0.5,0.770316,1,1,0
126900,0.5,0.218625,0,1,0
127000,0.5,0.218625,0,1,0
127100,0.5,0.000812,0,0,0
127200,0.5,0.000805,0,0,0
127300,0.5,0.001387,0,0,0
127400,0.5,0.001095,0,0,0
127500,0.5,0.00111,0,0,0
127600,0.5,0.000857,0,0,0
127700,0.5,0.000907,0,0,0
127800,0.5,0.002788,0,0,0
127900,0.5,0.001002,0,0,0
128000,0.5,0.001565,0,0,0
128100,0.5,0.001095,0,0,0
128200,0.5,0.001406,0,0,0
128300,0.5,0.001002,0,0,0
128400,0.5,0.000857,0,0,0
128500,0.5,0.000918,0,0,0
128600,0.5,0.001095,0,0,0
128700,0.5,0.001565,0,0,0
128800,0.5,0.001095,0,0,0
128900,0.5,0.001401,0,0,0
129000,0.5,0.000926,0,0,0
129100,0.5,0.000805,0,0,0
129200,0.5,0.000832,0,0,0
129300,0.5,0.000789,0,0,0
129400,0.5,0.000805,0,0,0
129500,0.5,0.000805,0,0,0
129600,0.5,0.000854,0,0,0
129700,0.5,0.389922,0,1,0
129800,0.5,0.283354,0,1,0
129900,0.5,0.426376,0,1,0
130000,0.5,0.16111,0,1,0
130100,0.5,0.426376,0,1,0
130200,0.5,0.4386,0,1,0
130300,0.5,0.501811,1,1,0
130400,0.5,0.761127,1,1,0
130500,0.5,0.221384,0,1,0
130600,0.5,0.761127,1,1,0
130700,0.5,0.418218,0,1,0
130800,0.5,0.39709,0,1,0
130900,0.5,0.218625,0,1,0
131000,0.5,0.194471,0,1,0
131100,0.5,0.202511,0,1,0
131200,0.5,0.202511,0,1,0
131300,0.5,0.218625,0,1,0
131400,0.5,0.218625,0,1,0
131500,0.5,0.210115,0,1,0
131600,0.5,0.194471,0,1,0
131700,0.5,0.218625,0,1,0
131800,0.5,0.218625,0,1,0
131900,0.5,0.202511,0,1,0
132000,0.5,0.210115,0,1,0
132100,0.5,0.218625,0,1,0
132200,0.5,0.202511,0,1,0
132300,0.5,0.202511,0,1,0
132400,0.5,0.218625,0,1,0
132500,0.5,0.218625,0,1,0
132600,0.5,0.218625,0,1,0
132700,0.5,0.223235,0,1,0
132800,0.5,0.218625,0,1,0
132900,0.5,0.223235,0,1,0
133000,0.5,0.210115,0,1,0
133100,0.5,0.218625,0,1,0
133200,0.5,0.218625,0,1,0
133300,0.5,0.29729,0,1,0
133400,0.5,0.426376,0,1,0
133500,0.5,0.389922,0,1,0
133600,0.5,0.218625,0,1,0
133700,0.5,0.218625,0,1,0
133800,0.5,0.300698,0,1,0
133900,0.5,0.387224,0,1,0
134000,0.5,0.202511,0,1,0
134100,0.5,0.218625,0,1,0
134200,0.5,0.218625,0,1,0
134300,0.5,0.444396,0,1,0
134400,0.5,0.418218,0,1,0
134500,0.5,0.202511,0,1,0
134600,0.5,0.218625,0,1,0
134700,0.5,0.73075,1,1,0
134800,0.5,0.283354,0,1,0
134900,0.5,0.300698,0,1,0
135000,0.5,0.250626,0,1,0
135100,0.5,0.217131,0,1,0
135200,0.5,0.202511,0,1,0
135300,0.5,0.218625,0,1,0
135400,0.5,0.218625,0,1,0
135500,0.5,0.387224,0,1,0
135600,0.5,0.218625,0,1,0
135700,0.5,0.39709,0,1,0
135800,0.5,0.674462,1,1,0
135900,0.5,0.283354,0,1,0
136000,0.5,0.387224,0,1,0
136100,0.5,0.218625,0,1,0
136200,0.5,0.000805,0,0,0
136300,0.5,0.000805,0,0,0
136400,0.5,0.000805,0,0,0
136500,0.5,0.004424,0,0,0
136600,0.5,0.002941,0,0,0
136700,0.5,0.000805,0,0,0
136800,0.5,0.000876,0,0,0
136900,0.5,0.000971,0,0,0
137000,0.5,0.001095,0,0,0
137100,0.5,0.001002,0,0,0
137200,0.5,0.000857,0,0,0
137300,0.5,0.000857,0,0,0
137400,0.5,0.000857,0,0,0
137500,0.5,0.001095,0,0,0
137600,0.5,0.00198,0,0,0
137700,0.5,0.000862,0,0,0
137800,0.5,0.001565,0,0,0
137900,0.5,0.001095,0,0,0
138000,0.5,0.000857,0,0,0
138100,0.5,0.000862,0,0,0
138200,0.5,0.000862,0,0,0
138300,0.5,0.000857,0,0,0
138400,0.5,0.000862,0,0,0
138500,0.5,0.000857,0,0,0
138600,0.5,0.000857,0,0,0
138700,0.5,0.000812,0,0,0
138800,0.5,0.250407,0,1,0
138900,0.5,0.761127,1,1,0
139000,0.5,0.426091,0,1,0
139100,0.5,0.770316,1,1,0
139200,0.5,0.207584,0,1,0
139300,0.5,0.237675,0,1,0
139400,0.5,0.29729,0,1,0
139500,0.5,0.389922,0,1,0
139600,0.5,0.283354,0,1,0
139700,0.5,0.389922,0,1,0
139800,0.5,0.194471,0,1,0
139900,0.5,0.194471,0,1,0
140000,0.5,0.218625,0,1,0
140100,0.5,0.218625,0,1,0
140200,0.5,0.218625,0,1,0
140300,0.5,0.210115,0,1,0
140400,0.5,0.218807,0,1,0
140500,0.5,0.218625,0,1,0
140600,0.5,0.202511,0,1,0
140700,0.5,0.210115,0,1,0
140800,0.5,0.210115,0,1,0
140900,0.5,0.218625,0,1,0
141000,0.5,0.202511,0,1,0
141100,0.5,0.223235,0,1,0
141200,0.5,0.214594,0,1,0
141300,0.5,0.218625,0,1,0
141400,0.5,0.218625,0,1,0
141500,0.5,0.218625,0,1,0
141600,0.5,0.218625,0,1,0
141700,0.5,0.202511,0,1,0
141800,0.5,0.218625,0,1,0
141900,0.5,0.218625,0,1,0
142000,0.5,0.218625,0,1,0
142100,0.5,0.194471,0,1,0
142200,0.5,0.218625,0,1,0
142300,0.5,0.202511,0,1,0
142400,0.5,0.154367,0,1,0
142500,0.5,0.202511,0,1,0
142600,0.5,0.232724,0,1,0
142700,0.5,0.242686,0,1,0
142800,0.5,0.218625,0,1,0
142900,0.5,0.218625,0,1,0
143000,0.5,0.200483,0,1,0
143100,0.5,0.387224,0,1,0
143200,0.5,0.250626,0,1,0
143300,0.5,0.39709,0,1,0
143400,0.5,0.218625,0,1,0
143500,0.5,0.283354,0,1,0
143600,0.5,0.202511,0,1,0
143700,0.5,0.218625,0,1,0
143800,0.5,0.223347,0,1,0
143900,0.5,0.292903,0,1,0
144000,0.5,0.218625,0,1,0
144100,0.5,0.283354,0,1,0
144200,0.5,0.411397,0,1,0
144300,0.5,0.202511,0,1,0
144400,0.5,0.39709,0,1,0
144500,0.5,0.761127,1,1,0
144600,0.5,0.202511,0,1,0
144700,0.5,0.218625,0,1,0
144800,0.5,0.232724,0,1,0
144900,0.5,0.218625,0,1,0
145000,0.5,0.001477,0,0,0
145100,0.5,0.000857,0,0,0
145200,0.5,0.000862,0,0,0
145300,0.5,0.001401,0,0,0
145400,0.5,0.002278,0,0,0
145500,0.5,0.001066,0,0,0
145600,0.5,0.001095,0,0,0
145700,0.5,0.001565,0,0,0
145800,0.5,0.000857,0,0,0
145900,0.5,0.00111,0,0,0
146000,0.5,0.000857,0,0,0
146100,0.5,0.000857,0,0,0
146200,0.5,0.001475,0,0,0
146300,0.5,0.002458,0,0,0
146400,0.5,0.001565,0,0,0
146500,0.5,0.000862,0,0,0
146600,0.5,0.001565,0,0,0
146700,0.5,0.001095,0,0,0
146800,0.5,0.00198,0,0,0
146900,0.5,0.000913,0,0,0
147000,0.5,0.001759,0,0,0
147100,0.5,0.000862,0,0,0
147200,0.5,0.00081,0,0,0
147300,0.5,0.402667,0,1,0
147400,0.5,0.160805,0,1,0
147500,0.5,0.387224,0,1,0
147600,0.5,0.391155,0,1,0
147700,0.5,0.244397,0,1,0
147800,0.5,0.2286,0,1,0
147900,0.5,0.300698,0,1,0
148000,0.5,0.250626,0,1,0
148100,0.5,0.154367,0,1,1
148200,0.5,0.426376,0,1,1
148300,0.5,0.761127,1,1,1
148400,0.5,0.218625,0,1,1
148500,0.5,0.218625,0,1,1
148600,0.5,0.202511,0,1,1
148700,0.5,0.210115,0,1,1
148800,0.5,0.218625,0,1,1
148900,0.5,0.218625,0,1,1
149000,0.5,0.218625,0,1,1
149100,0.5,0.202511,0,1,1
149200,0.5,0.210115,0,1,1
149300,0.5,0.210115,0,1,1
149400,0.5,0.218625,0,1,1
149500,0.5,0.202511,0,1,1
149600,0.5,0.218625,0,1,1
149700,0.5,0.194471,0,1,1
149800,0.5,0.218625,0,1,1
149900,0.5,0.218625,0,1,1
150000,0.5,0.202511,0,1,1
150100,0.5,0.218625,0,1,1
150200,0.5,0.202511,0,1,1
150300,0.5,0.218625,0,1,1
150400,0.5,0.218625,0,1,1
150500,0.5,0.218625,0,1,1
150600,0.5,0.218625,0,1,1
150700,0.5,0.218625,0,1,1
150800,0.5,0.391155,0,1,1
150900,0.5,0.160805,0,1,1
151000,0.5,0.283354,0,1,1
151100,0.5,0.218625,0,1,1
151200,0.5,0.250626,0,1,1
151300,0.5,0.391155,0,1,1
151400,0.5,0.218625,0,1,1
151500,0.5,0.283354,0,1,1
151600,0.5,0.253893,0,1,1
151700,0.5,0.196373,0,1,1
151800,0.5,0.202511,0,1,1
151900,0.5,0.218625,0,1,1
152000,0.5,0.218625,0,1,1
152100,0.5,0.218625,0,1,1
152200,0.5,0.202511,0,1,1
152300,0.5,0.223235,0,1,1
152400,0.5,0.218625,0,1,1
152500,0.5,0.202511,0,1,1
152600,0.5,0.218625,0,1,1
152700,0.5,0.202511,0,1,1
152800,0.5,0.218625,0,1,1
152900,0.5,0.218625,0,1,1
153000,0.5,0.672857,1,1,1
153100,0.5,0.283354,0,1,0
153200,0.5,0.218625,0,1,0
153300,0.5,0.202511,0,1,0
153400,0.5,0.397511,0,1,0
153500,0.5,0.202511,0,1,0
153600,0.5,0.002351,0,0,0
153700,0.5,0.000805,0,0,0
153800,0.5,0.000805,0,0,0
153900,0.5,0.000805,0,0,0
154000,0.5,0.009212,0,0,0
154100,0.5,0.000805,0,0,0
154200,0.5,0.000805,0,0,0
154300,0.5,0.000816,0,0,0
154400,0.5,0.000805,0,0,0
154500,0.5,0.000805,0,0,0
154600,0.5,0.000862,0,0,0
154700,0.5,0.001095,0,0,0
154800,0.5,0.000862,0,0,0
154900,0.5,0.001095,0,0,0
155000,0.5,0.00198,0,0,0
155100,0.5,0.001095,0,0,0
155200,0.5,0.001095,0,0,0
155300,0.5,0.000862,0,0,0
155400,0.5,0.001095,0,0,0
155500,0.5,0.000862,0,0,0
155600,0.5,0.001942,0,0,0
155700,0.5,0.00111,0,0,0
155800,0.5,0.00198,0,0,0
155900,0.5,0.000857,0,0,0
156000,0.5,0.000862,0,0,0
156100,0.5,0.000862,0,0,0
156200,0.5,0.00111,0,0,0
156300,0.5,0.000908,0,0,0
156400,0.5,0.002785,0,0,0
156500,0.5,0.000821,0,0,0
156600,0.5,0.243889,0,1,0
156700,0.5,0.283354,0,1,0
156800,0.5,0.387224,0,1,0
156900,0.5,0.770316,1,1,0
157000,0.5,0.16564,0,1,0
157100,0.5,0.426376,0,1,0
157200,0.5,0.770316,1,1,0
157300,0.5,0.294394,0,1,0
157400,0.5,0.391155,0,1,0
157500,0.5,0.283354,0,1,0
157600,0.5,0.389922,0,1,0
157700,0.5,0.165446,0,1,0
157800,0.5,0.202511,0,1,0
157900,0.5,0.223235,0,1,0
158000,0.5,0.210115,0,1,0
158100,0.5,0.210115,0,1,0
158200,0.5,0.202511,0,1,0
158300,0.5,0.218625,0,1,0
158400,0.5,0.218625,0,1,0
158500,0.5,0.218625,0,1,0
158600,0.5,0.194471,0,1,0
158700,0.5,0.218625,0,1,0
158800,0.5,0.218625,0,1,0
158900,0.5,0.202511,0,1,0
159000,0.5,0.210115,0,1,0
159100,0.5,0.194471,0,1,0
159200,0.5,0.210115,0,1,0
159300,0.5,0.218625,0,1,0
159400,0.5,0.218625,0,1,0
159500,0.5,0.210115,0,1,0
159600,0.5,0.194471,0,1,0
159700,0.5,0.223235,0,1,0
159800,0.5,0.218625,0,1,0
159900,0.5,0.218625,0,1,0
160000,0.5,0.218625,0,1,0
160100,0.5,0.210115,0,1,0
160200,0.5,0.223235,0,1,0
160300,0.5,0.265969,0,1,0
160400,0.5,0.426091,0,1,0
160500,0.5,0.202511,0,1,0
160600,0.5,0.218625,0,1,0
160700,0.5,0.218625,0,1,0
160800,0.5,0.218625,0,1,0
160900,0.5,0.283354,0,1,0
161000,0.5,0.387224,0,1,0
161100,0.5,0.218625,0,1,0
161200,0.5,0.218625,0,1,0
161300,0.5,0.218625,0,1,0
161400,0.5,0.218625,0,1,0
161500,0.5,0.218625,0,1,0
161600,0.5,0.419234,0,1,0
161700,0.5,0.426376,0,1,0
161800,0.5,0.389922,0,1,0
161900,0.5,0.810831,1,1,0
162000,0.5,0.154367,0,1,0
162100,0.5,0.300698,0,1,0
162200,0.5,0.387224,0,1,0
162300,0.5,0.202511,0,1,0
162400,0.5,0.39709,0,1,0
162500,0.5,0.574713,1,1,0
162600,0.5,0.218625,0,1,0
162700,0.5,0.218625,0,1,0
162800,0.5,0.218625,0,1,0
162900,0.5,0.218625,0,1,0
163000,0.5,0.39709,0,1,0
163100,0.5,0.000817,0,0,0
163200,0.5,0.000805,0,0,0
163300,0.5,0.001342,0,0,0
163400,0.5,0.000805,0,0,0
163500,0.5,0.001565,0,0,0
163600,0.5,0.000862,0,0,0
163700,0.5,0.001565,0,0,0
163800,0.5,0.002972,0,0,0
163900,0.5,0.001493,0,0,0
164000,0.5,0.001565,0,0,0
164100,0.5,0.000857,0,0,0
164200,0.5,0.000857,0,0,0
164300,0.5,0.001493,0,0,0
164400,0.5,0.002785,0,0,0
164500,0.5,0.000918,0,0,0
164600,0.5,0.002788,0,0,0
164700,0.5,0.001095,0,0,0
164800,0.5,0.000857,0,0,0
164900,0.5,0.001002,0,0,0
165000,0.5,0.000913,0,0,0
165100,0.5,0.001002,0,0,0
165200,0.5,0.000862,0,0,0
165300,0.5,0.000814,0,0,0
165400,0.5,0.16564,0,1,0
165500,0.5,0.426376,0,1,0
165600,0.5,0.283354,0,1,0
165700,0.5,0.387224,0,1,0
165800,0.5,0.509516,1,1,0
165900,0.5,0.418218,0,1,0
166000,0.5,0.391155,0,1,0
166100,0.5,0.283354,0,1,1
166200,0.5,0.389922,0,1,1
166300,0.5,0.283354,0,1,1
166400,0.5,0.426376,0,1,1
166500,0.5,0.60458,1,1,1
166600,0.5,0.426091,0,1,1
166700,0.5,0.218625,0,1,1
166800,0.5,0.218625,0,1,1
166900,0.5,0.218625,0,1,1
167000,0.5,0.218625,0,1,1
167100,0.5,0.218625,0,1,1
167200,0.5,0.218625,0,1,1
167300,0.5,0.202511,0,1,1
167400,0.5,0.218625,0,1,1
167500,0.5,0.210115,0,1,1
167600,0.5,0.218625,0,1,1
167700,0.5,0.202511,0,1,1
167800,0.5,0.202511,0,1,1
167900,0.5,0.218625,0,1,1
168000,0.5,0.218625,0,1,1
168100,0.5,0.202511,0,1,1
168200,0.5,0.202511,0,1,1
168300,0.5,0.218625,0,1,1
168400,0.5,0.218625,0,1,1
168500,0.5,0.202511,0,1,1
168600,0.5,0.202511,0,1,1
168700,0.5,0.210115,0,1,1
168800,0.5,0.194471,0,1,1
168900,0.5,0.202511,0,1,1
169000,0.5,0.283354,0,1,1
169100,0.5,0.218625,0,1,1
169200,0.5,0.218625,0,1,1
169300,0.5,0.218625,0,1,1
169400,0.5,0.218625,0,1,1
169500,0.5,0.202511,0,1,1
169600,0.5,0.218625,0,1,1
169700,0.5,0.202511,0,1,1
169800,0.5,0.250626,0,1,1
169900,0.5,0.218625,0,1,1
170000,0.5,0.218625,0,1,1
170100,0.5,0.218625,0,1,1
170200,0.5,0.681744,1,1,1
170300,0.5,0.389922,0,1,1
170400,0.5,0.218625,0,1,1
170500,0.5,0.674462,1,1,1
170600,0.5,0.218625,0,1,1
170700,0.5,0.223235,0,1,1
170800,0.5,0.250626,0,1,1
170900,0.5,0.218625,0,1,1
171000,0.5,0.674462,1,1,1
171100,0.5,0.202511,0,1,0
171200,0.5,0.202511,0,1,0
171300,0.5,0.426376,0,1,0
171400,0.5,0.409943,0,1,0
171500,0.5,0.283354,0,1,0
171600,0.5,0.218625,0,1,0
171700,0.5,0.218625,0,1,0
171800,0.5,0.000889,0,0,0
171900,0.5,0.000805,0,0,0
172000,0.5,0.000805,0,0,0
172100,0.5,0.000805,0,0,0
172200,0.5,0.157296,0,0,0
172300,0.5,0.001434,0,0,0
172400,0.5,0.000805,0,0,0
172500,0.5,0.000805,0,0,0
172600,0.5,0.001387,0,0,0
172700,0.5,0.000818,0,0,0
172800,0.5,0.001342,0,0,0
172900,0.5,0.004216,0,0,0
173000,0.5,0.000805,0,0,0
173100,0.5,0.000805,0,0,0
173200,0.5,0.034281,0,0,0
173300,0.5,0.000803,0,0,0
173400,0.5,0.000805,0,0,0
173500,0.5,0.000805,0,0,0
173600,0.5,0.000801,0,0,0
173700,0.5,0.000816,0,0,0
173800,0.5,0.000794,0,0,0
173900,0.5,0.000805,0,0,0
174000,0.5,0.000805,0,0,0
174100,0.5,0.000805,0,0,0
174200,0.5,0.000918,0,0,0
174300,0.5,0.001095,0,0,0
174400,0.5,0.001095,0,0,0
174500,0.5,0.000862,0,0,0
174600,0.5,0.000862,0,0,0
174700,0.5,0.001095,0,0,0
174800,0.5,0.001493,0,0,0
174900,0.5,0.000862,0,0,0
175000,0.5,0.001095,0,0,0
175100,0.5,0.001942,0,0,0
175200,0.5,0.000862,0,0,0
175300,0.5,0.00198,0,0,0
175400,0.5,0.001565,0,0,0
175500,0.496046,0.001739,0,0,0
175600,0.488652,0.000862,0,0,0
175700,0.488652,0.00198,0,0,0
175800,0.488652,0.002785,0,0,0
175900,0.444608,0.000862,0,0,0
176000,0.426376,0.001097,0,0,0
176100,0.418218,0.001224,0,0,0
176200,0.411397,0.001363,0,0,0
176300,0.397511,0.25874,0,1,0
176400,0.426333,0.202511,0,1,0
176500,0.426376,0.218625,0,1,0
176600,0.426376,0.283964,0,1,1
176700,0.426376,0.250626,0,1,1
176800,0.426376,0.391155,0,1,1
176900,0.426376,0.16564,0,1,1
177000,0.426376,0.258349,0,1,1
177100,0.426376,0.300698,0,1,1
177200,0.426376,0.389922,0,1,1
177300,0.426376,0.165446,0,1,1
177400,0.426376,0.426376,1,1,1
177500,0.426376,0.761127,1,1,1
177600,0.426376,0.411397,0,1,1
177700,0.426376,0.389922,0,1,1
177800,0.426376,0.283354,0,1,1
177900,0.426376,0.218625,0,1,1
178000,0.426376,0.218625,0,1,1
178100,0.426376,0.218625,0,1,1
178200,0.426376,0.202511,0,1,1
178300,0.426376,0.218625,0,1,1
178400,0.426376,0.218625,0,1,1
178500,0.426376,0.218625,0,1,1
178600,0.426376,0.218625,0,1,1
178700,0.426376,0.194471,0,1,1
178800,0.426376,0.202511,0,1,1
178900,0.426376,0.202511,0,1,1
179000,0.426376,0.218625,0,1,1
179100,0.426376,0.202511,0,1,1
179200,0.426376,0.210115,0,1,1
179300,0.426376,0.218625,0,1,1
179400,0.426376,0.300698,0,1,1
179500,0.426376,0.402667,0,1,1
179600,0.426376,0.218625,0,1,1
179700,0.426376,0.218625,0,1,1
179800,0.426376,0.218625,0,1,1
179900,0.426376,0.300698,0,1,1
180000,0.426376,0.218625,0,1,1
180100,0.426376,0.391155,0,1,1
180200,0.426376,0.202511,0,1,1
180300,0.426376,0.283354,0,1,1
180400,0.426376,0.218625,0,1,1
180500,0.426376,0.218625,0,1,1
180600,0.426376,0.218625,0,1,1
180700,0.426376,0.218625,0,1,1
180800,0.426376,0.283354,0,1,1
180900,0.426376,0.223235,0,1,1
181000,0.426376,0.218625,0,1,1
181100,0.426376,0.218625,0,1,1
181200,0.426376,0.674462,1,1,1
181300,0.426376,0.223235,0,1,1
181400,0.426376,0.244397,0,1,1
181500,0.426376,0.250626,0,1,1
181600,0.5,0.202511,0,1,0
181700,0.5,0.144832,0,1,0
181800,0.5,0.202511,0,1,0
181900,0.5,0.218625,0,1,0
182000,0.5,0.202511,0,1,0
182100,0.5,0.463056,0,1,0
182200,0.5,0.391155,0,1,0
182300,0.5,0.283354,0,1,0
182400,0.5,0.218625,0,1,0
182500,0.5,0.229046,0,1,0
182600,0.5,0.426376,0,1,0
182700,0.5,0.218625,0,1,0
182800,0.5,0.000805,0,0,0
182900,0.5,0.001036,0,0,0
183000,0.5,0.001342,0,0,0
183100,0.5,0.000794,0,0,0
183200,0.5,0.000842,0,0,0
183300,0.5,0.000797,0,0,0
183400,0.5,0.000805,0,0,0
183500,0.5,0.010911,0,0,0
183600,0.5,0.001493,0,0,0
183700,0.5,0.002785,0,0,0
183800,0.5,0.00265,0,0,0
183900,0.5,0.001095,0,0,0
184000,0.5,0.00086,0,0,0
184100,0.5,0.000903,0,0,0
184200,0.5,0.001095,0,0,0
184300,0.5,0.000857,0,0,0
184400,0.5,0.000918,0,0,0
184500,0.5,0.001401,0,0,0
184600,0.5,0.000857,0,0,0
184700,0.5,0.000862,0,0,0
184800,0.5,0.002785,0,0,0
184900,0.5,0.00086,0,0,0
185000,0.5,0.000857,0,0,0
185100,0.5,0.000857,0,0,0
185200,0.5,0.000857,0,0,0
185300,0.5,0.000857,0,0,0
185400,0.5,0.001224,0,0,0
185500,0.5,0.00081,0,0,0
185600,0.5,0.217131,0,1,0
185700,0.5,0.283354,0,1,0
185800,0.5,0.426376,0,1,0
185900,0.5,0.778034,1,1,0
186000,0.5,0.16564,0,1,0
186100,0.5,0.389922,0,1,0
186200,0.5,0.4386,0,1,1
186300,0.5,0.397511,0,1,1
186400,0.5,0.283354,0,1,1
186500,0.5,0.387224,0,1,1
186600,0.5,0.770316,1,1,1
186700,0.5,0.426091,0,1,1
186800,0.5,0.426091,0,1,1
186900,0.5,0.218625,0,1,1
187000,0.5,0.218625,0,1,1
187100,0.5,0.202511,0,1,1
187200,0.5,0.218625,0,1,1
187300,0.5,0.402667,0,1,1
187400,0.5,0.397511,0,1,1
187500,0.5,0.761127,1,1,1
187600,0.5,0.218625,0,1,1
187700,0.5,0.260056,0,1,1
187800,0.5,0.681744,1,1,1
187900,0.5,0.232276,0,1,1
188000,0.5,0.615029,1,1,1
188100,0.5,0.265969,0,1,1
188200,0.5,0.202511,0,1,1
188300,0.5,0.202511,0,1,1
188400,0.5,0.391155,0,1,1
188500,0.5,0.761127,1,1,1
188600,0.5,0.283354,0,1,1
188700,0.5,0.402667,0,1,1
188800,0.5,0.218625,0,1,1
188900,0.5,0.391155,0,1,1
189000,0.5,0.283354,0,1,1
189100,0.5,0.218625,0,1,1
189200,0.5,0.265969,0,1,1
189300,0.5,0.218625,0,1,1
189400,0.5,0.426376,0,1,1
189500,0.5,0.218625,0,1,1
189600,0.5,0.761127,1,1,1
189700,0.5,0.16111,0,1,1
189800,0.5,0.202511,0,1,1
189900,0.5,0.218625,0,1,1
190000,0.5,0.218625,0,1,1
190100,0.5,0.218625,0,1,1
190200,0.5,0.202511,0,1,1
190300,0.5,0.223235,0,1,1
190400,0.5,0.411397,0,1,1
190500,0.5,0.426376,0,1,1
190600,0.5,0.39709,0,1,1
190700,0.5,0.218625,0,1,1
190800,0.5,0.202511,0,1,1
190900,0.5,0.202511,0,1,1
191000,0.5,0.218625,0,1,1
191100,0.5,0.426376,0,1,1
191200,0.5,0.2286,0,1,0
191300,0.5,0.674462,1,1,0
191400,0.5,0.218625,0,1,0
191500,0.5,0.218625,0,1,0
191600,0.5,0.218625,0,1,0
191700,0.5,0.218625,0,1,0
191800,0.5,0.218625,0,1,0
191900,0.5,0.000805,0,0,0
192000,0.5,0.000805,0,0,0
192100,0.5,0.000805,0,0,0
192200,0.5,0.003323,0,0,0
192300,0.5,0.000805,0,0,0
192400,0.5,0.000862,0,0,0
192500,0.5,0.002788,0,0,0
192600,0.5,0.002788,0,0,0
192700,0.5,0.000862,0,0,0
192800,0.5,0.000862,0,0,0
192900,0.5,0.001002,0,0,0
193000,0.5,0.000857,0,0,0
193100,0.5,0.000857,0,0,0
193200,0.5,0.000862,0,0,0
193300,0.5,0.000907,0,0,0
193400,0.5,0.000862,0,0,0
193500,0.5,0.002788,0,0,0
193600,0.5,0.000857,0,0,0
193700,0.5,0.001095,0,0,0
193800,0.5,0.001095,0,0,0
193900,0.5,0.001095,0,0,0
194000,0.5,0.000857,0,0,0
194100,0.5,0.000862,0,0,0
194200,0.5,0.000857,0,0,0
194300,0.5,0.000915,0,0,0
194400,0.5,0.218625,0,1,0
194500,0.5,0.218625,0,1,0
194600,0.5,0.218625,0,1,0
194700,0.5,0.418218,0,1,0
194800,0.5,0.224035,0,1,0
194900,0.5,0.39709,0,1,0
195000,0.5,0.248249,0,1,0
195100,0.5,0.39709,0,1,0
195200,0.5,0.218625,0,1,0
195300,0.5,0.218625,0,1,0
195400,0.5,0.218625,0,1,0
195500,0.5,0.223347,0,1,0
195600,0.5,0.218625,0,1,0
195700,0.5,0.000841,0,0,0
195800,0.5,0.000873,0,0,0
195900,0.5,0.000805,0,0,0
196000,0.5,0.000805,0,0,0
196100,0.5,0.000794,0,0,0
196200,0.5,0.000862,0,0,0
196300,0.5,0.000862,0,0,0
196400,0.5,0.000857,0,0,0
196500,0.5,0.000961,0,0,0
196600,0.5,0.000805,0,0,0
196700,0.5,0.000805,0,0,0
196800,0.5,0.000805,0,0,0
196900,0.5,0.001741,0,0,0
197000,0.5,0.001371,0,0,0
197100,0.5,0.000813,0,0,0
197200,0.5,0.000897,0,0,0
197300,0.5,0.000794,0,0,0
197400,0.5,0.001434,0,0,0
197500,0.5,0.000796,0,0,0
197600,0.5,0.000805,0,0,0
197700,0.5,0.000791,0,0,0
197800,0.5,0.000816,0,0,0
197900,0.5,0.000791,0,0,0
198000,0.5,0.000805,0,0,0
198100,0.5,0.000805,0,0,0
198200,0.5,0.000805,0,0,0
198300,0.5,0.000816,0,0,0
198400,0.5,0.000798,0,0,0
198500,0.5,0.001183,0,0,0
198600,0.5,0.000786,0,0,0
198700,0.5,0.000797,0,0,0
198800,0.5,0.000805,0,0,0
198900,0.5,0.000805,0,0,0
199000,0.5,0.001484,0,0,0
199100,0.5,0.003196,0,0,0
199200,0.5,0.000805,0,0,0
199300,0.5,0.000814,0,0,0
199400,0.5,0.000971,0,0,0
199500,0.5,0.001863,0,0,0
199600,0.5,0.000805,0,0,0
199700,0.5,0.003111,0,0,0
199800,0.5,0.000805,0,0,0
199900,0.5,0.003111,0,0,0
200000,0.426376,0.000805,0,0,0
200100,0.426376,0.001681,0,0,0
200200,0.426376,0.000794,0,0,0
200300,0.426376,0.000841,0,0,0
200400,0.392162,0.000813,0,0,0
200500,0.391155,0.000805,0,0,0
200600,0.218652,0.000794,0,0,0
200700,0.050397,0.000792,0,0,0
200800,0.049215,0.000805,0,0,0
200900,0.045345,0.000805,0,0,0
201000,0.045345,0.000805,0,0,0
201100,0.045345,0.000805,0,0,0
201200,0.045345,0.000874,0,0,0
201300,0.045345,0.000989,0,0,0
201400,0.045345,0.000805,0,0,0
201500,0.045345,0.000805,0,0,0
201600,0.045345,0.000805,0,0,0
201700,0.045345,0.000792,0,0,0
201800,0.045345,0.000842,0,0,0
201900,0.045345,0.000852,0,0,0
202000,0.052562,0.000872,0,0,0
202100,0.052562,0.001085,0,0,0
202200,0.052562,0.000805,0,0,0
202300,0.050785,0.000805,0,0,0
202400,0.050395,0.000946,0,0,0
202500,0.050396,0.000995,0,0,0
202600,0.052562,0.000805,0,0,0
202700,0.052562,0.000818,0,0,0
202800,0.052562,0.000813,0,0,0
202900,0.052562,0.000805,0,0,0
203000,0.052562,0.000805,0,0,0
203100,0.039338,0.000805,0,0,0
203200,0.03686,0.000805,0,0,0
203300,0.03686,0.000854,0,0,0
203400,0.03686,0.000958,0,0,0
203500,0.036884,0.00088,0,0,0
203600,0.035021,0.000852,0,0,0
203700,0.033194,0.000801,0,0,0
203800,0.033194,0.000998,0,0,0
203900,0.033194,0.000805,0,0,0
204000,0.033194,0.000805,0,0,0
204100,0.032577,0.000805,0,0,0
204200,0.028922,0.000805,0,0,0
204300,0.028922,0.000797,0,0,0
204400,0.027984,0.00096,0,0,0
204500,0.026773,0.00096,0,0,0
204600,0.025044,0.00136,0,0,0
204700,0.025044,0.000809,0,0,0
204800,0.021673,0.000949,0,0,0
204900,0.021673,0.000785,0,0,0
205000,0.01651,0.000805,0,0,0
205100,0.005619,0.000805,0,0,0
205200,0.005619,0.000805,0,0,0
205300,0.005619,0.000896,0,0,0
205400,0.005619,0.000813,0,0,0
205500,0.005309,0.000911,0,0,0
205600,0.005453,0.000961,0,0,0
205700,0.005306,0.000809,0,0,0
205800,0.005291,0.000805,0,0,0
205900,0.005291,0.002372,0,0,0
206000,0.005291,0.002045,0,0,0
206100,0.005291,0.000805,0,0,0
206200,0.005291,0.000988,0,0,0
206300,0.005307,0.001434,0,0,0
206400,0.005291,0.000805,0,0,0
206500,0.005291,0.000805,0,0,0
206600,0.005291,0.002176,0,0,0
206700,0.005832,0.002176,0,0,0
206800,0.005832,0.000917,0,0,0
206900,0.010231,0.000942,0,0,0
207000,0.00865,0.000805,0,0,0
207100,0.008653,0.000805,0,0,0
207200,0.005835,0.001224,0,0,0
207300,0.006014,0.000803,0,0,0
207400,0.005832,0.000805,0,0,0
207500,0.005835,0.001819,0,0,0
207600,0.005835,0.000877,0,0,0
207700,0.006187,0.000811,0,0,0
207800,0.008049,0.000805,0,0,0
207900,0.006187,0.002214,0,0,0
208000,0.006187,0.000805,0,0,0
208100,0.005835,0.000805,0,0,0
208200,0.007638,0.000811,0,0,0
208300,0.008612,0.000813,0,0,0
208400,0.008612,0.001324,0,0,0
208500,0.006187,0.001434,0,0,0
208600,0.007854,0.000805,0,0,0
208700,0.006808,0.001224,0,0,0
208800,0.007858,0.001097,0,0,0
208900,0.007854,0.002563,0,0,0
209000,0.007854,0.000805,0,0,0
209100,0.008049,0.003111,0,0,0
209200,0.009754,0.000791,0,0,0
209300,0.009754,0.000805,0,0,0
209400,0.009754,0.017427,1,0,0
209500,0.010093,0.000805,0,0,0
209600,0.009239,0.000805,0,0,0
209700,0.008645,0.000805,0,0,0
209800,0.008644,0.000797,0,0,0
209900,0.008644,0.000818,0,0,0
210000,0.008981,0.000805,0,0,0
210100,0.008981,0.000805,0,0,0
210200,0.008981,0.000915,0,0,0
210300,0.009234,0.000844,0,0,0
210400,0.009234,0.000815,0,0,0
210500,0.009234,0.000805,0,0,0
210600,0.009234,0.000875,0,0,0
210700,0.009234,0.000805,0,0,0
210800,0.009234,0.00125,0,0,0
210900,0.009754,0.000805,0,0,0
211000,0.009754,0.000805,0,0,0
211100,0.009754,0.000854,0,0,0
211200,0.009752,0.001004,0,0,0
211300,0.008637,0.000821,0,0,0
211400,0.008637,0.000936,0,0,0
211500,0.00898,0.050884,1,0,0
211600,0.010093,0.000805,0,0,0
211700,0.01041,0.000805,0,0,0
211800,0.010093,0.000971,0,0,0
211900,0.008644,0.000805,0,0,0
212000,0.008663,0.000853,0,0,0
212100,0.008644,0.00085,0,0,0
212200,0.007915,0.000877,0,0,0
212300,0.007864,0.000805,0,0,0
212400,0.007815,0.000866,0,0,0
212500,0.008087,0.000845,0,0,0
212600,0.007815,0.000805,0,0,0
212700,0.006955,0.000808,0,0,0
212800,0.006849,0.000805,0,0,0
212900,0.006849,0.001011,0,0,0
213000,0.006849,0.000805,0,0,0
213100,0.009227,0.000805,0,0,0
213200,0.009011,0.000805,0,0,0
213300,0.010244,0.004732,0,0,0
213400,0.011303,0.000805,0,0,0
213500,0.011303,0.000794,0,0,0
213600,0.011396,0.000787,0,0,0
213700,0.011396,0.003447,0,0,0
213800,0.011896,0.004885,0,0,0
213900,0.013903,0.000971,0,0,0
214000,0.014557,0.0008,0,0,0
214100,0.014797,0.000805,0,0,0
214200,0.014797,0.000805,0,0,0
214300,0.014797,0.000805,0,0,0
214400,0.014797,0.000846,0,0,0
214500,0.014358,0.000792,0,0,0
214600,0.014692,0.001775,0,0,0
214700,0.014797,0.000805,0,0,0
214800,0.014797,0.001113,0,0,0
214900,0.014989,0.00088,0,0,0
215000,0.014989,0.000816,0,0,0
215100,0.014989,0.000805,0,0,0
215200,0.01509,0.000805,0,0,0
215300,0.01651,0.001686,0,0,0
215400,0.09942,0.000805,0,0,0
215500,0.099448,0.001391,0,0,0
215600,0.099448,0.001183,0,0,0
215700,0.099448,0.000805,0,0,0
215800,0.130602,0.00096,0,0,0
215900,0.171468,0.000874,0,0,0
216000,0.171468,0.001074,0,0,0
216100,0.171468,0.000805,0,0,0
216200,0.171468,0.000805,0,0,0
216300,0.195537,0.005465,0,0,0
216400,0.205559,0.218235,1,0,0
216500,0.205559,0.000805,0,0,0
216600,0.205559,0.00088,0,0,0
216700,0.205559,0.000805,0,0,0
216800,0.205559,0.000794,0,0,0
216900,0.205559,0.000794,0,0,0
217000,0.205559,0.000792,0,0,0
217100,0.205559,0.000816,0,0,0
217200,0.205559,0.000805,0,0,0
217300,0.205559,0.000805,0,0,0
217400,0.205559,0.000804,0,0,0
217500,0.205559,0.000805,0,0,0
217600,0.205559,0.000805,0,0,0
217700,0.205559,0.001289,0,0,0
217800,0.205559,0.001221,0,0,0
217900,0.205559,0.000946,0,0,0
218000,0.205559,0.205559,1,0,0
218100,0.205559,0.000805,0,0,0
218200,0.205559,0.000813,0,0,0
218300,0.205559,0.000805,0,0,0
218400,0.205559,0.001455,0,0,0
218500,0.205559,0.000805,0,0,0
218600,0.205559,0.002901,0,0,0
218700,0.218235,0.000805,0,0,0
218800,0.218235,0.000805,0,0,0
218900,0.218235,0.000877,0,0,0
219000,0.218235,0.000785,0,0,0
219100,0.218235,0.000889,0,0,0
219200,0.218235,0.000972,0,0,0
219300,0.218235,0.000805,0,0,0
219400,0.218235,0.004056,0,0,0
219500,0.218307,0.205559,0,0,0
219600,0.218307,0.001006,0,0,0
219700,0.218307,0.000864,0,0,0
219800,0.218307,0.000792,0,0,0
219900,0.218307,0.000805,0,0,0
220000,0.218307,0.000792,0,0,0
220100,0.218307,0.00082,0,0,0
220200,0.218307,0.00082,0,0,0
220300,0.218286,0.000794,0,0,0
220400,0.218235,0.000839,0,0,0
220500,0.218235,0.000919,0,0,0
220600,0.218235,0.000805,0,0,0
220700,0.218235,0.001686,0,0,0
220800,0.225478,0.000805,0,0,0
220900,0.218235,0.000805,0,0,0
221000,0.218235,0.00081,0,0,0
221100,0.218235,0.000852,0,0,0
221200,0.218235,0.000805,0,0,0
221300,0.218235,0.001215,0,0,0
221400,0.205559,0.000805,0,0,0
221500,0.205559,0.000805,0,0,0
221600,0.205559,0.00087,0,0,0
221700,0.205559,0.000971,0,0,0
221800,0.205559,0.000805,0,0,0
221900,0.205559,0.000794,0,0,0
222000,0.205559,0.002642,0,0,0
222100,0.205559,0.000961,0,0,0
222200,0.205559,0.001801,0,0,0
222300,0.20809,0.002362,0,0,0
222400,0.208886,0.000805,0,0,0
222500,0.208886,0.000845,0,0,0
222600,0.208886,0.001091,0,0,0
222700,0.208886,0.001113,0,0,0
222800,0.208886,0.001575,0,0,0
222900,0.208886,0.00092,0,0,0
223000,0.205559,0.000792,0,0,0
223100,0.205559,0.001135,0,0,0
223200,0.205559,0.002773,0,0,0
223300,0.205559,0.001134,0,0,0
223400,0.205559,0.000805,0,0,0
223500,0.205559,0.00081,0,0,0
223600,0.205559,0.000805,0,0,0
223700,0.205559,0.000805,0,0,0
223800,0.205559,0.002112,0,0,0
223900,0.205559,0.000805,0,0,0
224000,0.205559,0.001036,0,0,0
224100,0.205559,0.000794,0,0,0
224200,0.205559,0.001636,0,0,0
224300,0.205559,0.000797,0,0,0
224400,0.205559,0.000797,0,0,0
224500,0.205559,0.003972,0,0,0
224600,0.205559,0.002642,0,0,0
224700,0.205559,0.000814,0,0,0
224800,0.205559,0.000792,0,0,0
224900,0.205559,0.000805,0,0,0
225000,0.205559,0.000786,0,0,0
225100,0.205559,0.000797,0,0,0
225200,0.205559,0.000786,0,0,0
225300,0.205559,0.00433,0,0,0
225400,0.205559,0.00085,0,0,0
225500,0.205559,0.001356,0,0,0
225600,0.205559,0.000805,0,0,0
225700,0.205559,0.000805,0,0,0
225800,0.112016,0.000803,0,0,0
225900,0.112017,0.000805,0,0,0
226000,0.112919,0.000805,0,0,0
226100,0.112919,0.000805,0,0,0
226200,0.112919,0.000785,0,0,0
226300,0.124158,0.003068,0,0,0
226400,0.124158,0.001106,0,0,0
226500,0.124158,0.00079,0,0,0
226600,0.124158,0.000805,0,0,0
226700,0.124158,0.000785,0,0,0
226800,0.124158,0.000805,0,0,0
226900,0.124158,0.000797,0,0,0
227000,0.124158,0.001323,0,0,0
227100,0.124158,0.000805,0,0,0
227200,0.124158,0.000805,0,0,0
227300,0.067875,0.000805,0,0,0
227400,0.039876,0.000938,0,0,0
227500,0.039876,0.000813,0,0,0
227600,0.039876,0.0008,0,0,0
227700,0.039876,0.000888,0,0,0
227800,0.039909,0.000896,0,0,0
227900,0.03991,0.000785,0,0,0
228000,0.03991,0.001434,0,0,0
228100,0.039876,0.001135,0,0,0
228200,0.03129,0.000805,0,0,0
228300,0.030976,0.000794,0,0,0
228400,0.030976,0.000896,0,0,0
228500,0.030976,0.000805,0,0,0
228600,0.03129,0.000805,0,0,0
228700,0.03129,0.000805,0,0,0
228800,0.03129,0.000805,0,0,0
228900,0.036037,0.000969,0,0,0
229000,0.037537,0.000805,0,0,0
229100,0.039876,0.000805,0,0,0
229200,0.04129,0.000792,0,0,0
229300,0.04129,0.000805,0,0,0
229400,0.04129,0.000805,0,0,0
229500,0.04129,0.000873,0,0,0
229600,0.030976,0.000805,0,0,0
229700,0.030973,0.000792,0,0,0
229800,0.030973,0.003611,0,0,0
229900,0.030973,0.000792,0,0,0
230000,0.030973,0.000792,0,0,0
230100,0.030973,0.000805,0,0,0
230200,0.030973,0.00081,0,0,0
230300,0.030973,0.000932,0,0,0
230400,0.030973,0.000805,0,0,0
230500,0.030973,0.000805,0,0,0
230600,0.030973,0.000805,0,0,0
230700,0.022771,0.003111,0,0,0
230800,0.01651,0.000953,0,0,0
230900,0.01651,0.000915,0,0,0
231000,0.016534,0.000896,0,0,0
231100,0.016514,0.000834,0,0,0
231200,0.01324,0.000786,0,0,0
231300,0.011089,0.000847,0,0,0
231400,0.011089,0.000812,0,0,0
231500,0.009751,0.00082,0,0,0
231600,0.009989,0.000805,0,0,0
231700,0.011089,0.000794,0,0,0
231800,0.013239,0.003603,0,0,0
231900,0.01325,0.000805,0,0,0
232000,0.01325,0.000805,0,0,0
232100,0.023567,0.002818,0,0,0
232200,0.024364,0.000919,0,0,0
232300,0.024364,0.00153,0,0,0
232400,0.024364,0.000805,0,0,0
232500,0.023568,0.002664,0,0,0
232600,0.022749,0.00076,0,0,0
232700,0.01652,0.001398,0,0,0
232800,0.016561,0.000972,0,0,0
232900,0.023554,0.000805,0,0,0
233000,0.024318,0.000805,0,0,0
233100,0.030704,0.00081,0,0,0
233200,0.029356,0.000805,0,0,0
233300,0.029356,0.000805,0,0,0
233400,0.031308,0.000805,0,0,0
233500,0.052561,0.000877,0,0,0
233600,0.052562,0.000805,0,0,0
233700,0.054674,0.000805,0,0,0
233800,0.054674,0.00097,0,0,0
233900,0.056808,0.000805,0,0,0
234000,0.063291,0.000805,0,0,0
234100,0.063291,0.001006,0,0,0
234200,0.054729,0.000805,0,0,0
234300,0.067496,0.002325,0,0,0
234400,0.067496,0.000899,0,0,0
234500,0.067496,0.000807,0,0,0
234600,0.067496,0.000805,0,0,0
234700,0.067496,0.000805,0,0,0
234800,0.067496,0.000805,0,0,0
234900,0.067496,0.000805,0,0,0
235000,0.067496,0.000805,0,0,0
235100,0.063291,0.000805,0,0,0
235200,0.067496,0.000816,0,0,0
235300,0.067496,0.000805,0,0,0
235400,0.067496,0.000805,0,0,0
235500,0.067496,0.000805,0,0,0
235600,0.067496,0.000873,0,0,0
235700,0.067496,0.000846,0,0,0
235800,0.067496,0.000915,0,0,0
235900,0.067496,0.000976,0,0,0
236000,0.067496,0.000805,0,0,0
236100,0.067496,0.000805,0,0,0
236200,0.067496,0.000785,0,0,0
236300,0.067496,0.000805,0,0,0
236400,0.067496,0.000821,0,0,0
236500,0.067496,0.000792,0,0,0
236600,0.067496,0.000805,0,0,0
236700,0.067496,0.001937,0,0,0
236800,0.067496,0.000805,0,0,0
236900,0.054674,0.000796,0,0,0
237000,0.054674,0.001011,0,0,0
237100,0.050901,0.007747,0,0,0
237200,0.052562,0.002223,0,0,0
237300,0.052562,0.000805,0,0,0
237400,0.052562,0.000794,0,0,0
237500,0.052562,0.000805,0,0,0
237600,0.052562,0.000805,0,0,0
237700,0.052562,0.000805,0,0,0
237800,0.042494,0.000794,0,0,0
237900,0.029026,0.000794,0,0,0
238000,0.028922,0.000794,0,0,0
238100,0.016511,0.000805,0,0,0
238200,0.023691,0.002397,0,0,0
238300,0.023691,0.001377,0,0,0
238400,0.017505,0.000805,0,0,0
238500,0.01651,0.001723,0,0,0
238600,0.01651,0.000805,0,0,0
238700,0.014354,0.000805,0,0,0
238800,0.014354,0.000794,0,0,0
238900,0.01193,0.000785,0,0,0
239000,0.010823,0.004286,0,0,0
239100,0.010823,0.000797,0,0,0
239200,0.009282,0.003305,0,0,0
239300,0.008582,0.000915,0,0,0
239400,0.008582,0.001094,0,0,0
239500,0.00926,0.000805,0,0,0
239600,0.00926,0.002186,0,0,0
239700,0.009256,0.00081,0,0,0
239800,0.009971,0.00088,0,0,0
239900,0.009982,0.000787,0,0,0
240000,0.009982,0.000794,0,0,0
240100,0.009662,0.002652,0,0,0
240200,0.009662,0.001241,0,0,0
240300,0.009662,0.000813,0,0,0
240400,0.009981,0.000805,0,0,0
240500,0.008622,0.001125,0,0,0
240600,0.008584,0.000794,0,0,0
240700,0.00771,0.001434,0,0,0
240800,0.008581,0.001092,0,0,0
240900,0.009968,0.000865,0,0,0
241000,0.010243,0.000794,0,0,0
241100,0.009979,0.000794,0,0,0
241200,0.010313,0.000805,0,0,0
241300,0.010764,0.001323,0,0,0
241400,0.010392,0.002273,0,0,0
241500,0.010392,0.000805,0,0,0
241600,0.010392,0.000832,0,0,0
241700,0.010392,0.000805,0,0,0
241800,0.010987,0.000805,0,0,0
241900,0.011108,0.000994,0,0,0
242000,0.011127,0.000805,0,0,0
242100,0.010987,0.000805,0,0,0
242200,0.010392,0.000805,0,0,0
242300,0.010764,0.00365,0,0,0
242400,0.010764,0.000896,0,0,0
242500,0.010987,0.000805,0,0,0
242600,0.011483,0.000787,0,0,0
242700,0.01165,0.001661,0,0,0
242800,0.012868,0.00081,0,0,0
242900,0.012869,0.001346,0,0,0
243000,0.012869,0.000805,0,0,0
243100,0.014354,0.000814,0,0,0
243200,0.013258,0.000896,0,0,0
243300,0.014146,0.000847,0,0,0
243400,0.014354,0.000805,0,0,0
243500,0.014359,0.003791,0,0,0
243600,0.014359,0.052562,1,0,0
243700,0.014988,0.000805,0,0,0
243800,0.015382,0.013878,0,0,0
243900,0.016498,0.005129,0,0,0
244000,0.039192,0.004924,0,0,0
244100,0.048686,0.000794,0,0,0
244200,0.05701,0.005142,0,0,0
244300,0.136596,0.001988,0,0,0
244400,0.157638,0.193184,1,0,1
244500,0.157638,0.193184,1,0,1
244600,0.157638,0.208792,1,0,1
244700,0.157638,0.006225,0,0,1
244800,0.157638,0.000805,0,0,1
244900,0.157638,0.000805,0,0,1
245000,0.157638,0.000805,0,0,1
245100,0.157638,0.00105,0,0,1
245200,0.157638,0.000787,0,0,1
245300,0.157638,0.001022,0,0,1
245400,0.157638,0.000896,0,0,1
245500,0.157638,0.000946,0,0,1
245600,0.157638,0.004471,0,0,1
245700,0.157638,0.004471,0,0,1
245800,0.157638,0.039366,0,0,1
245900,0.157638,0.004471,0,0,1
246000,0.157638,0.005281,0,0,1
246100,0.157638,0.000805,0,0,1
246200,0.157638,0.000805,0,0,1
246300,0.157638,0.000831,0,0,1
246400,0.157638,0.000786,0,0,1
246500,0.157638,0.000792,0,0,1
246600,0.157638,0.00079,0,0,1
246700,0.157638,0.000941,0,0,1
246800,0.157638,0.000805,0,0,1
246900,0.157638,0.000805,0,0,1
247000,0.157638,0.000805,0,0,1
247100,0.157638,0.000889,0,0,1
247200,0.157638,0.006442,0,0,1
247300,0.157638,0.000915,0,0,1
247400,0.157638,0.000805,0,0,1
247500,0.157638,0.005702,0,0,1
247600,0.157638,0.000805,0,0,1
247700,0.157638,0.000889,0,0,1
247800,0.157638,0.001041,0,0,1
247900,0.157638,0.000932,0,0,1
248000,0.157638,0.000796,0,0,1
248100,0.157638,0.000896,0,0,1
248200,0.157638,0.001434,0,0,1
248300,0.157638,0.001826,0,0,1
248400,0.157638,0.000785,0,0,1
248500,0.157638,0.000894,0,0,1
248600,0.157638,0.000805,0,0,1
248700,0.157638,0.000896,0,0,1
248800,0.157638,0.000821,0,0,1
248900,0.157638,0.000915,0,0,1
249000,0.157638,0.00081,0,0,1
249100,0.157638,0.000787,0,0,1
249200,0.157638,0.000816,0,0,1
249300,0.157638,0.000898,0,0,1
249400,0.204698,0.000912,0,0,0
249500,0.204698,0.000805,0,0,0
249600,0.204698,0.000959,0,0,0
249700,0.199113,0.001891,0,0,0
249800,0.193184,0.000953,0,0,0
249900,0.193184,0.000877,0,0,0
250000,0.193184,0.000792,0,0,0
250100,0.193184,0.001676,0,0,0
250200,0.193184,0.000797,0,0,0
250300,0.193184,0.000808,0,0,0
250400,0.193184,0.000805,0,0,0
250500,0.193184,0.000812,0,0,0
250600,0.193184,0.000805,0,0,0
250700,0.193184,0.000805,0,0,0
250800,0.193184,0.001135,0,0,0
250900,0.193184,0.000805,0,0,0
251000,0.106817,0.000805,0,0,0
251100,0.10604,0.000805,0,0,0
251200,0.050884,0.001329,0,0,0
251300,0.0341,0.003196,0,0,0
251400,0.025449,0.000805,0,0,0
251500,0.028922,0.000847,0,0,0
251600,0.028922,0.000805,0,0,0
251700,0.028922,0.000805,0,0,0
251800,0.028922,0.000805,0,0,0
251900,0.028922,0.000805,0,0,0
252000,0.025983,0.014354,0,0,0
252100,0.025454,0.000805,0,0,0
252200,0.02672,0.000925,0,0,0
252300,0.031259,0.011208,0,0,0
252400,0.037404,0.000805,0,0,0
252500,0.026018,0.000805,0,0,0
252600,0.026006,0.00079,0,0,0
252700,0.026006,0.000877,0,0,0
252800,0.025449,0.000805,0,0,0
252900,0.023283,0.000996,0,0,0
253000,0.023272,0.729774,1,0,0
253100,0.023671,0.000805,0,0,0
253200,0.023795,0.001641,0,0,0
253300,0.024283,0.003763,0,0,0
253400,0.024283,0.000816,0,0,0
253500,0.025449,0.000805,0,0,0
253600,0.025493,0.001241,0,0,0
253700,0.025507,0.003196,0,0,0
253800,0.025507,0.000812,0,0,0
253900,0.025449,0.000805,0,0,0
254000,0.025449,0.001029,0,0,0
254100,0.025449,0.001305,0,0,0
254200,0.025449,0.002076,0,0,0
254300,0.024295,0.001154,0,0,0
254400,0.024294,0.000788,0,0,0
254500,0.024294,0.000889,0,0,0
254600,0.024294,0.000805,0,0,0
254700,0.024294,0.000805,0,0,0
254800,0.024294,0.004785,0,0,0
254900,0.025402,0.004785,0,0,0
255000,0.025449,0.000797,0,0,0
255100,0.024286,0.000805,0,0,0
255200,0.023795,0.000797,0,0,0
255300,0.023795,0.000796,0,0,0
255400,0.023282,0.000793,0,0,0
255500,0.023282,0.000816,0,0,0
255600,0.023278,0.000805,0,0,0
255700,0.023278,0.000794,0,0,0
255800,0.023282,0.000805,0,0,0
255900,0.023672,0.000805,0,0,0
256000,0.023282,0.000794,0,0,0
256100,0.023278,0.000818,0,0,0
256200,0.023278,0.000786,0,0,0
256300,0.023278,0.000821,0,0,0
256400,0.023278,0.003947,0,0,0
256500,0.021609,0.000805,0,0,0
256600,0.021609,0.000906,0,0,0
256700,0.021609,0.000785,0,0,0
256800,0.021599,0.000761,0,0,0
256900,0.021599,0.000792,0,0,0
257000,0.021599,0.000805,0,0,0
257100,0.021599,0.00153,0,0,0
257200,0.020694,0.000896,0,0,0
257300,0.016829,0.001996,0,0,0
257400,0.011968,0.000792,0,0,0
257500,0.011968,0.000814,0,0,0
257600,0.013416,0.000805,0,0,0
257700,0.013432,0.000866,0,0,0
257800,0.013432,0.001338,0,0,0
257900,0.013051,0.000805,0,0,0
258000,0.013685,0.000785,0,0,0
258100,0.013433,0.000805,0,0,0
258200,0.013051,0.000805,0,0,0
258300,0.013432,0.000813,0,0,0
258400,0.013662,0.000834,0,0,0
258500,0.01243,0.000925,0,0,0
258600,0.012177,0.000889,0,0,0
258700,0.011215,0.000794,0,0,0
258800,0.011172,0.000794,0,0,0
258900,0.011172,0.000818,0,0,0
259000,0.010654,0.000805,0,0,0
259100,0.010654,0.000805,0,0,0
259200,0.010914,0.000797,0,0,0
259300,0.010914,0.004425,0,0,0
259400,0.010391,0.00082,0,0,0
259500,0.010391,0.000805,0,0,0
259600,0.009695,0.000805,0,0,0
259700,0.009362,0.000896,0,0,0
259800,0.010047,0.000805,0,0,0
259900,0.009709,0.000805,0,0,0
260000,0.009369,0.000875,0,0,0
260100,0.009362,0.00153,0,0,0
260200,0.009362,0.000873,0,0,0
260300,0.009362,0.000792,0,0,0
260400,0.009362,0.000796,0,0,0
260500,0.009362,0.000794,0,0,0
260600,0.009279,0.001241,0,0,0
260700,0.009362,0.00081,0,0,0
260800,0.009362,0.000805,0,0,0
260900,0.012311,0.000805,0,0,0
261000,0.013,0.002963,0,0,0
261100,0.013662,0.000805,0,0,0
261200,0.013662,0.000805,0,0,0
261300,0.01435,0.000815,0,0,0
261400,0.013662,0.001802,0,0,0
261500,0.013663,0.039295,1,0,0
261600,0.015104,0.000874,0,0,0
261700,0.01651,0.000792,0,0,0
261800,0.036152,0.000932,0,0,0
261900,0.052562,0.022943,0,0,0
262000,0.069015,0.000805,0,0,0
262100,0.078744,0.198455,1,1,0
262200,0.081544,0.044811,0,0,0
262300,0.081558,0.000834,0,0,0
262400,0.081558,0.000794,0,0,0
262500,0.081558,0.00105,0,0,0
262600,0.088373,0.000805,0,0,0
262700,0.093609,0.000805,0,0,0
262800,0.103303,0.000805,0,0,0
262900,0.15254,0.000892,0,0,0
263000,0.103303,0.000805,0,0,0
263100,0.103303,0.000982,0,0,0
263200,0.103303,0.000797,0,0,0
263300,0.103303,0.000863,0,0,0
263400,0.103303,0.000805,0,0,0
263500,0.103303,0.000788,0,0,0
263600,0.103303,0.000805,0,0,0
263700,0.103303,0.000805,0,0,0
263800,0.103303,0.000833,0,0,0
263900,0.181877,0.000809,0,0,0
264000,0.188418,0.000833,0,0,0
264100,0.188418,0.000805,0,0,0
264200,0.188467,0.000889,0,0,0
264300,0.188467,0.01242,0,0,0
264400,0.188467,0.754725,1,0,0
264500,0.193387,0.000805,0,0,0
264600,0.193387,0.000802,0,0,0
264700,0.193387,0.009256,0,0,0
264800,0.193387,0.000805,0,0,0
264900,0.193387,0.004064,0,0,0
265000,0.198454,0.006099,0,0,0
265100,0.203458,0.001228,0,1,0
265200,0.214865,0.00216,0,0,0
265300,0.413005,0.001436,0,0,0
265400,0.486024,0.000805,0,0,0
265500,0.5,0.000805,0,0,0
265600,0.5,0.000805,0,0,0
265700,0.5,0.000791,0,0,0
265800,0.5,0.001468,0,0,0
265900,0.5,0.000805,0,0,0
266000,0.5,0.000805,0,0,0
266100,0.5,0.000805,0,0,0
266200,0.5,0.000794,0,0,0
266300,0.5,0.000785,0,0,0
266400,0.5,0.000796,0,0,0
266500,0.5,0.003142,0,0,0
266600,0.5,0.000919,0,0,0
266700,0.5,0.000805,0,0,0
266800,0.5,0.000805,0,0,0
266900,0.5,0.00219,0,0,0
267000,0.5,0.002179,0,0,0
267100,0.5,0.001163,0,0,0
267200,0.5,0.000805,0,0,0
267300,0.5,0.000805,0,0,0
267400,0.5,0.000861,0,0,0
267500,0.5,0.000901,0,0,0
267600,0.5,0.000834,0,0,0
267700,0.5,0.000795,0,0,0
267800,0.5,0.000794,0,0,0
267900,0.5,0.000795,0,0,0
268000,0.5,0.000794,0,0,0
268100,0.5,0.000805,0,0,0
268200,0.5,0.000797,0,0,0
268300,0.5,0.000805,0,0,0
268400,0.5,0.0008,0,0,0
268500,0.5,0.000808,0,0,0
268600,0.5,0.00372,0,0,0
268700,0.5,0.000805,0,0,0
268800,0.5,0.000805,0,0,0
268900,0.486025,0.000805,0,0,0
269000,0.451872,0.000805,0,0,0
269100,0.451872,0.000805,0,0,0
269200,0.39673,0.012394,0,0,0
269300,0.39673,0.000805,0,0,0
269400,0.39673,0.000805,0,0,0
269500,0.390863,0.000805,0,0,0
269600,0.390863,0.000805,0,0,0
269700,0.390863,0.003017,0,0,0
269800,0.390863,0.001105,0,0,0
269900,0.390863,0.003893,0,0,0
270000,0.139608,0.000805,0,0,0
270100,0.067496,0.520872,1,0,0
270200,0.067496,0.000805,0,0,0
270300,0.040049,0.000805,0,0,0
270400,0.021633,0.000805,0,0,0
270500,0.016866,0.000805,0,0,0
270600,0.01651,0.005832,0,0,0
270700,0.016334,0.000805,0,0,0
270800,0.014991,0.001036,0,0,0
270900,0.014991,0.000805,0,0,0
271000,0.014991,0.000889,0,0,0
271100,0.014991,0.000803,0,0,0
271200,0.014991,0.000805,0,0,0
271300,0.01651,0.000805,0,0,0
271400,0.01651,0.000901,0,0,0
271500,0.01651,0.000805,0,0,0
271600,0.014354,0.004433,0,0,0
271700,0.014988,0.000805,0,0,0
271800,0.014369,0.000805,0,0,0
271900,0.014359,0.014354,0,0,0
272000,0.014354,0.000805,0,0,0
272100,0.014354,0.000805,0,0,0
272200,0.014354,0.000915,0,0,0
272300,0.014354,0.000805,0,0,0
272400,0.014354,0.000805,0,0,0
272500,0.014354,0.000797,0,0,0
272600,0.014356,0.001009,0,0,0
272700,0.014354,0.000805,0,0,0
272800,0.014354,0.000995,0,0,0
272900,0.014354,0.000811,0,0,0
273000,0.014354,0.000805,0,0,0
273100,0.014988,0.009125,0,0,0
273200,0.014988,0.000805,0,0,0
273300,0.017505,0.006029,0,0,0
273400,0.017496,0.000805,0,0,0
273500,0.019316,0.000795,0,0,0
273600,0.027916,0.002101,0,0,0
273700,0.028003,0.00439,0,0,0
273800,0.039301,0.000805,0,0,0
273900,0.047955,0.004732,0,0,0
274000,0.050898,0.000889,0,0,0
274100,0.052263,0.000805,0,0,0
274200,0.052573,0.000805,0,0,0
274300,0.053666,0.000805,0,0,0
274400,0.053666,0.001219,0,0,0
274500,0.054674,0.000805,0,0,0
274600,0.054674,0.000805,0,0,0
274700,0.054674,0.000794,0,0,0
274800,0.054696,0.000947,0,0,0
274900,0.054696,0.001494,0,0,0
275000,0.056505,0.00085,0,0,0
275100,0.056871,0.000803,0,0,0
275200,0.052562,0.000805,0,0,0
275300,0.052562,0.001342,0,0,0
275400,0.052562,0.000805,0,0,0
275500,0.052562,0.000805,0,0,0
275600,0.052263,0.000805,0,0,0
275700,0.052263,0.000785,0,0,0
275800,0.052263,0.000805,0,0,0
275900,0.052263,0.001621,0,0,0
276000,0.052263,0.000794,0,0,0
276100,0.050898,0.000805,0,0,0
276200,0.050898,0.000805,0,0,0
276300,0.047955,0.000805,0,0,0
276400,0.047955,0.000805,0,0,0
276500,0.047957,0.000805,0,0,0
276600,0.047955,0.000878,0,0,0
276700,0.047955,0.0015,0,0,0
276800,0.047955,0.002654,0,0,0
276900,0.050884,0.000805,0,0,0
277000,0.050884,0.000901,0,0,0
277100,0.053481,0.000805,0,0,0
277200,0.077656,0.001121,0,0,0
277300,0.181885,0.00079,0,0,0
277400,0.181885,0.002777,0,0,0
277500,0.193184,0.000792,0,0,0
277600,0.193184,0.000805,0,0,0
277700,0.193184,0.000805,0,0,0
277800,0.193184,0.000792,0,0,0
277900,0.193185,0.018139,0,0,0
278000,0.198257,0.000805,0,0,0
278100,0.199476,0.000805,0,0,0
278200,0.20826,0.181819,0,1,0
278300,0.214797,0.000805,0,0,0
278400,0.223235,0.000805,0,0,0
278500,0.223235,0.000805,0,0,0
278600,0.223235,0.000805,0,0,0
278700,0.223235,0.000805,0,0,0
278800,0.223235,0.000805,0,0,0
278900,0.223235,0.001766,0,0,0
279000,0.223235,0.001121,0,0,0
279100,0.223235,0.000805,0,0,0
279200,0.223235,0.000835,0,0,0
279300,0.223235,0.000805,0,0,0
279400,0.223235,0.003702,0,0,0
279500,0.223235,0.000805,0,0,0
279600,0.223235,0.000805,0,0,0
279700,0.223235,0.000896,0,0,0
279800,0.223235,0.000898,0,0,0
279900,0.223235,0.000792,0,0,0
280000,0.223235,0.000805,0,0,0
280100,0.223235,0.001495,0,0,0
280200,0.223235,0.001039,0,0,0
280300,0.223235,0.000816,0,0,0
280400,0.223235,0.000805,0,0,0
280500,0.223235,0.005135,0,0,0
280600,0.223235,0.000805,0,0,0
280700,0.223235,0.000805,0,0,0
280800,0.223235,0.002515,0,0,0
280900,0.223235,0.00115,0,0,0
281000,0.223235,0.000805,0,0,0
281100,0.223235,0.00088,0,0,0
281200,0.223235,0.000801,0,0,0
281300,0.223235,0.000816,0,0,0
281400,0.223235,0.000924,0,0,0
281500,0.223235,0.000805,0,0,0
281600,0.223235,0.000805,0,0,0
281700,0.223235,0.000805,0,0,0
281800,0.223235,0.000805,0,0,0
281900,0.223235,0.000805,0,0,0
282000,0.223235,0.000805,0,0,0
282100,0.223235,0.000805,0,0,0
282200,0.223235,0.000805,0,0,0
282300,0.214852,0.000805,0,0,0
282400,0.214852,0.000786,0,0,0
282500,0.199476,0.001002,0,0,0
282600,0.199476,0.000805,0,0,0
282700,0.199476,0.000805,0,0,0
282800,0.199476,0.00081,0,0,0
282900,0.199476,0.004172,0,0,0
283000,0.195396,0.000805,0,0,0
283100,0.188717,0.002223,0,0,0
283200,0.086489,0.000805,0,0,0
283300,0.039375,0.001434,0,0,0
283400,0.015137,0.000805,0,0,0
283500,0.014353,0.000889,0,0,0
283600,0.014731,0.000805,0,0,0
283700,0.01364,0.000805,0,0,0
283800,0.011971,0.000805,0,0,0
283900,0.011915,0.00546,0,0,0
284000,0.012765,0.000805,0,0,0
284100,0.014067,0.001117,0,0,0
284200,0.014354,0.000805,0,0,0
284300,0.01472,0.000805,0,0,0
284400,0.014731,0.000892,0,0,0
284500,0.014732,0.000805,0,0,0
284600,0.014732,0.000805,0,0,0
284700,0.015424,0.048982,1,0,0
284800,0.017503,0.000805,0,0,0
284900,0.018306,0.000805,0,0,0
285000,0.018141,0.000805,0,0,0
285100,0.018141,0.000867,0,0,0
285200,0.018139,0.000816,0,0,0
285300,0.017503,0.000791,0,0,0
285400,0.017503,0.000805,0,0,0
285500,0.017299,0.000808,0,0,0
285600,0.0148,0.000805,0,0,0
285700,0.014357,0.002515,0,0,0
285800,0.013781,0.000805,0,0,0
285900,0.014354,0.000902,0,0,0
286000,0.013877,0.01156,0,0,0
286100,0.013781,0.001011,0,0,0
286200,0.013953,0.001742,0,0,0
286300,0.013782,0.000794,0,0,0
286400,0.013781,0.000786,0,0,0
286500,0.013781,0.000805,0,0,0
286600,0.013514,0.000972,0,0,0
286700,0.013623,0.000907,0,0,0
286800,0.013514,0.000805,0,0,0
286900,0.013514,0.00081,0,0,0
287000,0.013201,0.000805,0,0,0
287100,0.013201,0.000805,0,0,0
287200,0.012785,0.000805,0,0,0
287300,0.012693,0.00082,0,0,0
287400,0.012689,0.001434,0,0,0
287500,0.012693,0.000794,0,0,0
287600,0.012127,0.000893,0,0,0
287700,0.011931,0.000805,0,0,0
287800,0.011931,0.000805,0,0,0
287900,0.011931,0.00089,0,0,0
288000,0.012127,0.001875,0,0,0
288100,0.011912,0.000805,0,0,0
288200,0.011745,0.002773,0,0,0
288300,0.011745,0.000847,0,0,0
288400,0.011917,0.000883,0,0,0
288500,0.011745,0.000845,0,0,0
288600,0.01137,0.001387,0,0,0
288700,0.01135,0.000805,0,0,0
288800,0.01137,0.001763,0,0,0
288900,0.01106,0.000805,0,0,0
289000,0.010988,0.000805,0,0,0
289100,0.011004,0.000805,0,0,0
289200,0.010986,0.001011,0,0,0
289300,0.010985,0.001113,0,0,0
289400,0.010985,0.0008,0,0,0
289500,0.011758,0.000805,0,0,0
289600,0.014354,0.000805,0,0,0
289700,0.01499,0.047834,1,0,0
289800,0.01436,0.005726,0,0,0
289900,0.01436,0.001047,0,0,0
290000,0.014988,0.000805,0,0,0
290100,0.015093,0.000792,0,0,0
290200,0.01509,0.000794,0,0,0
290300,0.015091,0.001174,0,0,0
290400,0.015091,0.000805,0,0,0
290500,0.01509,0.000794,0,0,0
290600,0.01509,0.000794,0,0,0
290700,0.01509,0.000814,0,0,0
290800,0.01509,0.014354,0,0,0
290900,0.016247,0.000932,0,0,0
291000,0.019925,0.001215,0,0,0
291100,0.019957,0.0021,0,0,0
291200,0.019957,0.000892,0,0,0
291300,0.019957,0.000805,0,0,0
291400,0.019957,0.000794,0,0,0
291500,0.019957,0.000805,0,0,0
291600,0.0216,0.000805,0,0,0
291700,0.019957,0.000805,0,0,0
291800,0.019957,0.000785,0,0,0
291900,0.0216,0.000889,0,0,0
292000,0.021715,0.227146,1,0,0
292100,0.023712,0.000805,0,0,0
292200,0.024167,0.000805,0,0,0
292300,0.024167,0.000805,0,0,0
292400,0.023715,0.001323,0,0,0
292500,0.023712,0.001251,0,0,0
292600,0.023712,0.000807,0,0,0
292700,0.023712,0.000813,0,0,0
292800,0.023712,0.001114,0,0,0
292900,0.023712,0.000805,0,0,0
293000,0.023712,0.000805,0,0,0
293100,0.023712,0.000805,0,0,0
293200,0.028922,0.000812,0,0,0
293300,0.028922,0.000805,0,0,0
293400,0.022193,0.002642,0,0,0
293500,0.024167,0.00081,0,0,0
293600,0.030662,0.000812,0,0,0
293700,0.030767,0.000805,0,0,0
293800,0.032447,0.000813,0,0,0
293900,0.040957,0.000801,0,0,0
294000,0.040957,0.000805,0,0,0
294100,0.041505,0.000805,0,0,0
294200,0.045314,0.000805,0,0,0
294300,0.046043,0.000792,0,0,0
294400,0.045314,0.000805,0,0,0
294500,0.046685,0.001901,0,0,0
294600,0.045306,0.000919,0,0,0
294700,0.047834,0.00105,0,0,0
294800,0.047835,0.001324,0,0,0
294900,0.047835,0.000805,0,0,0
295000,0.047835,0.000805,0,0,0
295100,0.047835,0.000805,0,0,0
295200,0.047835,0.000805,0,0,0
295300,0.047835,0.001032,0,0,0
295400,0.048055,0.001751,0,0,0
295500,0.048055,0.000813,0,0,0
295600,0.048055,0.000803,0,0,0
295700,0.048056,0.000805,0,0,0
295800,0.050901,0.000805,0,0,0
295900,0.03252,0.000805,0,0,0
296000,0.028963,0.000805,0,0,0
296100,0.018247,0.000805,0,0,0
296200,0.018247,0.000792,0,0,0
296300,0.018247,0.00081,0,0,0
296400,0.02894,0.00079,0,0,0
296500,0.047448,0.000895,0,0,0
296600,0.041051,0.000802,0,0,0
296700,0.052562,0.00081,0,0,0
296800,0.052562,0.000805,0,0,0
296900,0.052562,0.000805,0,0,0
297000,0.054686,0.000915,0,0,0
297100,0.052562,0.001224,0,0,0
297200,0.052562,0.000805,0,0,0
297300,0.062192,0.000867,0,0,0
297400,0.063249,0.000794,0,0,0
297500,0.063249,0.001001,0,0,0
297600,0.063291,0.000889,0,0,0
297700,0.067496,0.004885,0,0,0
297800,0.067496,0.00081,0,0,0
297900,0.067496,0.000798,0,0,0
298000,0.067496,0.000812,0,0,0
298100,0.067496,0.001219,0,0,0
298200,0.067496,0.000805,0,0,0
298300,0.067496,0.004216,0,0,0
298400,0.067496,0.000805,0,0,0
298500,0.067496,0.000805,0,0,0
298600,0.067496,0.000805,0,0,0
298700,0.067496,0.000796,0,0,0
298800,0.063291,0.000805,0,0,0
298900,0.057169,0.000805,0,0,0
299000,0.057169,0.000794,0,0,0
299100,0.054674,0.000814,0,0,0
299200,0.054674,0.00145,0,0,0
299300,0.054674,0.000805,0,0,0
299400,0.054674,0.000805,0,0,0
299500,0.052562,0.000805,0,0,0
299600,0.052562,0.000805,0,0,0
299700,0.039406,0.001434,0,0,0
299800,0.029026,0.000805,0,0,0
299900,0.029026,0.000805,0,0,0
300000,0.029026,0.000805,0,0,0
300100,0.038987,0.000805,0,0,0
300200,0.039406,0.000805,0,0,0
300300,0.053096,0.000805,0,0,0
300400,0.053096,0.000805,0,0,0
300500,0.053096,0.000786,0,0,0
300600,0.053096,0.000805,0,0,0
300700,0.052567,0.000805,0,0,0
300800,0.052562,0.000805,0,0,0
300900,0.053096,0.000805,0,0,0
301000,0.053096,0.000805,0,0,0
301100,0.053096,0.000805,0,0,0
301200,0.053096,0.005848,0,0,0
301300,0.054674,0.000805,0,0,0
301400,0.054674,0.00201,0,0,0
301500,0.054674,0.001016,0,0,0
301600,0.054674,0.00082,0,0,0
301700,0.054674,0.000791,0,0,0
301800,0.054686,0.000834,0,0,0
301900,0.054687,0.002792,0,0,0
302000,0.054674,0.001588,0,0,0
302100,0.054687,0.000898,0,0,0
302200,0.054687,0.000805,0,0,0
302300,0.054675,0.000879,0,0,0
302400,0.054674,0.002325,0,0,0
302500,0.054674,0.000978,0,0,0
302600,0.054674,0.000805,0,0,0
302700,0.054674,0.000805,0,0,0
302800,0.054674,0.000805,0,0,0
302900,0.054674,0.002174,0,0,0
303000,0.052842,0.000805,0,0,0
303100,0.052567,0.000805,0,0,0
303200,0.052562,0.000805,0,0,0
303300,0.052562,0.001301,0,0,0
303400,0.052562,0.000805,0,0,0
303500,0.038228,0.001118,0,0,0
303600,0.037707,0.00081,0,0,0
303700,0.022269,0.000805,0,0,0
303800,0.022269,0.001443,0,0,0
303900,0.022269,0.000836,0,0,0
304000,0.022269,0.000805,0,0,0
304100,0.022269,0.000786,0,0,0
304200,0.022269,0.001305,0,0,0
304300,0.0176,0.002487,0,0,0
304400,0.017592,0.000805,0,0,0
304500,0.017592,0.000982,0,0,0
304600,0.01849,0.000789,0,0,0
304700,0.01849,0.000805,0,0,0
304800,0.01849,0.000805,0,0,0
304900,0.028922,0.000805,0,0,0
305000,0.029005,0.000805,0,0,0
305100,0.02936,0.000805,0,0,0
305200,0.037707,0.001224,0,0,0
305300,0.018491,0.002069,0,0,0
305400,0.01849,0.000805,0,0,0
305500,0.028922,0.000805,0,0,0
305600,0.028922,0.000883,0,0,0
305700,0.028922,0.000805,0,0,0
305800,0.028922,0.000805,0,0,0
305900,0.0176,0.000805,0,0,0
306000,0.022269,0.000805,0,0,0
306100,0.043219,0.000792,0,0,0
306200,0.043908,0.000805,0,0,0
306300,0.043885,0.003747,0,0,0
306400,0.043244,0.000805,0,0,0
306500,0.028922,0.002671,0,0,0
306600,0.028922,0.000783,0,0,0
306700,0.019224,0.000805,0,0,0
306800,0.0176,0.000794,0,0,0
306900,0.017484,0.000805,0,0,0
307000,0.017149,0.000805,0,0,0
307100,0.016514,0.000805,0,0,0
307200,0.015251,0.000805,0,0,0
307300,0.014362,0.000805,0,0,0
307400,0.013662,0.000794,0,0,0
307500,0.013662,0.001344,0,0,0
307600,0.025838,0.001374,0,0,0
307700,0.025838,0.000998,0,0,0
307800,0.025838,0.000805,0,0,0
307900,0.025488,0.001004,0,0,0
308000,0.026606,0.000805,0,0,0
308100,0.030112,0.000932,0,0,0
308200,0.030114,0.000805,0,0,0
308300,0.039416,0.00216,0,0,0
308400,0.046744,0.423025,1,0,0
308500,0.052562,0.001202,0,1,0
308600,0.052562,0.001202,0,1,0
308700,0.052562,0.001202,0,1,0
308800,0.052562,0.001202,0,1,0
308900,0.052562,0.001202,0,1,0
309000,0.052562,0.001202,0,1,0
309100,0.057108,0.001202,0,1,0
309200,0.057108,0.001202,0,1,0
309300,0.057108,0.001202,0,1,0
309400,0.057108,0.001202,0,1,0
309500,0.057108,0.001202,0,1,0
309600,0.052562,0.001202,0,1,0
309700,0.052562,0.001202,0,1,0
309800,0.052562,0.001202,0,1,0
309900,0.04739,0.001202,0,1,0
310000,0.046781,0.001202,0,1,0
310100,0.043273,0.001202,0,1,0
310200,0.043238,0.001202,0,1,0
310300,0.046744,0.001202,0,1,0
310400,0.052416,0.001202,0,1,0
310500,0.043273,0.001202,0,1,0
310600,0.052607,0.015085,0,1,0
310700,0.057127,0.001202,0,1,0
310800,0.057128,0.001202,0,1,0
310900,0.057128,0.001202,0,1,0
311000,0.046796,0.001202,0,1,0
311100,0.028113,0.001202,0,1,0
311200,0.026606,0.001202,0,1,0
311300,0.02349,0.001202,0,1,0
311400,0.026467,0.001202,0,1,0
311500,0.023623,0.001202,0,1,0
311600,0.018495,0.001202,0,1,0
311700,0.017322,0.001202,0,1,0
311800,0.017322,0.001202,0,1,0
311900,0.017322,0.001202,0,1,0
312000,0.017322,0.001202,0,1,0
312100,0.017322,0.001202,0,1,0
312200,0.017322,0.001202,0,1,0
312300,0.018495,0.001202,0,1,0
312400,0.018495,0.001202,0,1,0
312500,0.018495,0.001202,0,1,0
312600,0.015085,0.001202,0,1,0
312700,0.015085,0.012734,0,1,0
312800,0.015085,0.001202,0,1,0
312900,0.015085,0.001202,0,1,0
313000,0.015085,0.001202,0,1,0
313100,0.015085,0.001202,0,1,0
313200,0.015085,0.001202,0,1,0
313300,0.015085,0.001202,0,1,0
313400,0.015085,0.001202,0,1,0
313500,0.015085,0.001202,0,1,0
313600,0.015085,0.001202,0,1,0
313700,0.015085,0.001202,0,1,0
313800,0.015085,0.001202,0,1,0
313900,0.015085,0.001202,0,1,0
314000,0.015085,0.001202,0,1,0
314100,0.015085,0.001202,0,1,0
314200,0.015085,0.001202,0,1,0
314300,0.015085,0.001202,0,1,0
314400,0.015085,0.001202,0,1,0
314500,0.015085,0.001202,0,1,0
314600,0.015085,0.001202,0,1,0
314700,0.015085,0.001202,0,1,0
314800,0.015085,0.015085,1,1,0
314900,0.015085,0.015085,1,1,0
315000,0.015085,0.001202,0,1,0
315100,0.015085,0.001202,0,1,0
315200,0.015085,0.001202,0,1,0
315300,0.015085,0.001202,0,1,0
315400,0.015085,0.001202,0,1,0
315500,0.015085,0.001202,0,1,0
315600,0.015085,0.001202,0,1,0
315700,0.015085,0.001202,0,1,0
315800,0.015085,0.001202,0,1,0
315900,0.015085,0.001202,0,1,0
316000,0.015085,0.001202,0,1,0
316100,0.015085,0.001202,0,1,0
316200,0.015085,0.015085,1,1,0
316300,0.015085,0.001202,0,1,0
316400,0.015085,0.001202,0,1,0
316500,0.015085,0.001202,0,1,0
316600,0.015085,0.001202,0,1,0
316700,0.015085,0.001202,0,1,0
316800,0.015085,0.001202,0,1,0
316900,0.015085,0.001202,0,1,0
317000,0.015085,0.001202,0,1,0
317100,0.015085,0.001202,0,1,0
317200,0.015085,0.001202,0,1,0
317300,0.015085,0.001202,0,1,0
317400,0.015085,0.001202,0,1,0
317500,0.015085,0.015085,1,1,0
317600,0.015085,0.001202,0,1,0
317700,0.015085,0.001202,0,1,0
317800,0.015085,0.001202,0,1,0
317900,0.015085,0.001202,0,1,0
318000,0.015085,0.001202,0,1,0
318100,0.015085,0.001202,0,1,0
318200,0.015085,0.001202,0,1,0
318300,0.015085,0.001202,0,1,0
318400,0.015085,0.001202,0,1,0
318500,0.015085,0.001202,0,1,0
318600,0.015085,0.001202,0,1,0
318700,0.015085,0.001202,0,1,0
318800,0.015085,0.001202,0,1,0
318900,0.015085,0.001202,0,1,0
319000,0.015085,0.001202,0,1,0
319100,0.015085,0.001202,0,1,0
319200,0.015085,0.001202,0,1,0
319300,0.015085,0.001202,0,1,0
319400,0.015085,0.001202,0,1,0
319500,0.015085,0.001202,0,1,0
319600,0.015085,0.001202,0,1,0
319700,0.015085,0.001202,0,1,0
319800,0.015085,0.001202,0,1,0
319900,0.015085,0.001202,0,1,0
320000,0.015085,0.001202,0,1,0
320100,0.015085,0.001202,0,1,0
320200,0.015085,0.001202,0,1,0
320300,0.015085,0.001202,0,1,0
320400,0.015085,0.001202,0,1,0
320500,0.015085,0.001202,0,1,0
320600,0.015085,0.001202,0,1,0
320700,0.015085,0.001202,0,1,0
320800,0.015085,0.015085,1,1,0
320900,0.015085,0.001202,0,1,0
321000,0.015085,0.001202,0,1,0
321100,0.015085,0.001202,0,1,0
321200,0.015085,0.001202,0,1,0
321300,0.015085,0.000935,0,0,0
321400,0.015085,0.001202,0,1,0
321500,0.015085,0.001202,0,1,0
321600,0.015085,0.001202,0,1,0
321700,0.015085,0.001202,0,1,0
321800,0.015085,0.001202,0,1,0
321900,0.015085,0.001202,0,1,0
322000,0.015085,0.00137,0,1,0
322100,0.015085,0.001202,0,1,0
322200,0.015085,0.001202,0,1,0
322300,0.015085,0.001202,0,1,0
322400,0.015085,0.001202,0,1,0
322500,0.015085,0.001202,0,1,0
322600,0.015085,0.012734,0,1,0
322700,0.015085,0.001202,0,1,0
322800,0.015085,0.001202,0,1,0
322900,0.015085,0.001202,0,1,0
323000,0.015085,0.001202,0,1,0
323100,0.015085,0.001202,0,1,0
323200,0.015085,0.001202,0,1,0
323300,0.015085,0.001202,0,1,0
323400,0.015085,0.001202,0,1,0
323500,0.015085,0.001202,0,1,0
323600,0.015085,0.001202,0,1,0
323700,0.015085,0.001202,0,1,0
323800,0.015085,0.001202,0,1,0
323900,0.015085,0.001202,0,1,0
324000,0.015085,0.001202,0,1,0
324100,0.015085,0.001202,0,1,0
324200,0.015085,0.001202,0,1,0
324300,0.015085,0.001202,0,1,0
324400,0.015085,0.001202,0,1,0
324500,0.015085,0.001202,0,1,0
324600,0.015085,0.001202,0,1,0
324700,0.015085,0.001202,0,1,0
324800,0.015085,0.001202,0,1,0
324900,0.015085,0.001202,0,1,0
325000,0.015085,0.001202,0,1,0
325100,0.015085,0.001202,0,1,0
325200,0.015085,0.001202,0,1,0
325300,0.015085,0.001202,0,1,0
325400,0.015085,0.001202,0,1,0
325500,0.015085,0.001202,0,1,0
325600,0.015085,0.001202,0,1,0
325700,0.015085,0.001202,0,1,0
325800,0.015085,0.001202,0,1,0
325900,0.015085,0.001202,0,1,0
326000,0.015085,0.001202,0,1,0
326100,0.015085,0.001202,0,1,0
326200,0.015085,0.001202,0,1,0
326300,0.015085,0.001202,0,1,0
326400,0.015085,0.012734,0,1,0
326500,0.015085,0.001202,0,1,0
326600,0.015085,0.001202,0,1,0
326700,0.015085,0.001202,0,1,0
326800,0.015085,0.001202,0,1,0
326900,0.015085,0.001202,0,1,0
327000,0.015085,0.001202,0,1,0
327100,0.015085,0.001202,0,1,0
327200,0.015085,0.001202,0,1,0
327300,0.015085,0.001202,0,1,0
327400,0.015085,0.001202,0,1,0
327500,0.015085,0.001202,0,1,0
327600,0.015085,0.001202,0,1,0
327700,0.015085,0.001202,0,1,0
327800,0.015085,0.001202,0,1,0
327900,0.015085,0.001202,0,1,0
328000,0.015085,0.001202,0,1,0
328100,0.015085,0.001202,0,1,0
328200,0.015085,0.001202,0,1,0
328300,0.015085,0.001202,0,1,0
328400,0.015085,0.001202,0,1,0
328500,0.015085,0.001202,0,1,0
328600,0.015085,0.001202,0,1,0
328700,0.015085,0.001224,0,0,0
328800,0.015085,0.001202,0,1,0
328900,0.015085,0.001202,0,1,0
329000,0.015085,0.001202,0,1,0
329100,0.015085,0.001202,0,1,0
329200,0.015085,0.001202,0,1,0
329300,0.015085,0.001202,0,1,0
329400,0.015085,0.001202,0,1,0
329500,0.015085,0.001202,0,1,0
329600,0.015085,0.001202,0,1,0
329700,0.015085,0.001202,0,1,0
329800,0.015085,0.001202,0,1,0
329900,0.015085,0.001202,0,1,0
330000,0.015085,0.001202,0,1,0
330100,0.015085,0.012734,0,1,0
330200,0.015085,0.001202,0,1,0
330300,0.015085,0.001202,0,1,0
330400,0.015085,0.001202,0,1,0
330500,0.015085,0.001202,0,1,0
330600,0.015085,0.001202,0,1,0
330700,0.015085,0.001202,0,1,0
330800,0.015085,0.001202,0,1,0
330900,0.015085,0.001202,0,1,0
331000,0.015085,0.001202,0,1,0
331100,0.015085,0.001202,0,1,0
331200,0.015085,0.001202,0,1,0
331300,0.015085,0.001202,0,1,0
331400,0.015085,0.001202,0,1,0
331500,0.015085,0.001202,0,1,0
331600,0.015085,0.001202,0,1,0
331700,0.015085,0.001202,0,1,0
331800,0.015085,0.001202,0,1,0
331900,0.015085,0.001202,0,1,0
332000,0.015085,0.001202,0,1,0
332100,0.015085,0.001202,0,1,0
332200,0.015085,0.001202,0,1,0
332300,0.015085,0.001202,0,1,0
332400,0.015085,0.001202,0,1,0
332500,0.015085,0.001202,0,1,0
332600,0.015085,0.001202,0,1,0
332700,0.015085,0.001202,0,1,0
332800,0.015085,0.001202,0,1,0
332900,0.015085,0.001202,0,1,0
333000,0.015085,0.001202,0,1,0
333100,0.015085,0.001202,0,1,0
333200,0.015085,0.001202,0,1,0
333300,0.015085,0.001202,0,1,0
333400,0.015085,0.001202,0,1,0
333500,0.015085,0.001202,0,1,0
333600,0.015085,0.001202,0,1,0
333700,0.015085,0.001202,0,1,0
333800,0.015085,0.001202,0,1,0
333900,0.015085,0.001202,0,1,0
334000,0.015085,0.001202,0,1,0
334100,0.015085,0.001202,0,1,0
334200,0.015085,0.001202,0,1,0
334300,0.015085,0.001202,0,1,0
334400,0.015085,0.001202,0,1,0
334500,0.015085,0.001202,0,1,0
334600,0.015085,0.001202,0,1,0
334700,0.015085,0.001202,0,1,0
334800,0.015085,0.001202,0,1,0
334900,0.015085,0.001202,0,1,0
335000,0.015085,0.001202,0,1,0
335100,0.015085,0.001202,0,1,0
335200,0.015085,0.001202,0,1,0
335300,0.015085,0.001202,0,1,0
335400,0.015085,0.001202,0,1,0
335500,0.015085,0.001202,0,1,0
335600,0.015085,0.001202,0,1,0
335700,0.015085,0.001202,0,1,0
335800,0.015085,0.001202,0,1,0
335900,0.015085,0.001202,0,1,0
336000,0.015085,0.001202,0,1,0
336100,0.015085,0.001202,0,1,0
336200,0.015085,0.001202,0,1,0
336300,0.015085,0.001202,0,1,0
336400,0.015085,0.001202,0,1,0
336500,0.015085,0.001202,0,1,0
336600,0.015085,0.001202,0,1,0
336700,0.015085,0.001202,0,1,0
336800,0.015085,0.001202,0,1,0
336900,0.015085,0.001202,0,1,0
337000,0.015085,0.015085,1,1,0
337100,0.015085,0.012734,0,1,0
337200,0.015085,0.001202,0,1,0
337300,0.015085,0.001202,0,1,0
337400,0.015085,0.001202,0,1,0
337500,0.015085,0.001202,0,1,0
337600,0.015085,0.001202,0,1,0
337700,0.015085,0.001202,0,1,0
337800,0.015085,0.001202,0,1,0
337900,0.015085,0.001202,0,1,0
338000,0.015085,0.001202,0,1,0
338100,0.015085,0.001202,0,1,0
338200,0.015085,0.001202,0,1,0
338300,0.015085,0.001202,0,1,0
338400,0.015085,0.001202,0,1,0
338500,0.015085,0.001202,0,1,0
338600,0.015085,0.001202,0,1,0
338700,0.015085,0.001202,0,1,0
338800,0.015085,0.001202,0,1,0
338900,0.015085,0.001202,0,1,0
339000,0.015085,0.001202,0,1,0
339100,0.015085,0.001202,0,1,0
339200,0.015085,0.001202,0,1,0
339300,0.015085,0.001202,0,1,0
339400,0.015085,0.001202,0,1,0
339500,0.015085,0.001202,0,1,0
339600,0.015085,0.001202,0,1,0
339700,0.015085,0.001202,0,1,0
339800,0.015085,0.001202,0,1,0
339900,0.015085,0.001202,0,1,0
340000,0.015085,0.001202,0,1,0
340100,0.015085,0.001202,0,1,0
340200,0.015085,0.001202,0,1,0
340300,0.015085,0.001202,0,1,0
340400,0.015085,0.001202,0,1,0
340500,0.015085,0.001202,0,1,0
340600,0.015085,0.001202,0,1,0
340700,0.015085,0.001202,0,1,0
340800,0.015085,0.001202,0,1,0
340900,0.015085,0.015085,1,1,0
341000,0.015085,0.001202,0,1,0
341100,0.015085,0.001202,0,1,0
341200,0.015085,0.001202,0,1,0
341300,0.015085,0.001202,0,1,0
341400,0.015085,0.072969,1,1,0
341500,0.015085,0.001202,0,1,0
341600,0.015085,0.001202,0,1,0
341700,0.015085,0.001202,0,1,0
341800,0.015085,0.001202,0,1,0
341900,0.015085,0.001202,0,1,0
342000,0.015085,0.001202,0,1,0
342100,0.015085,0.001202,0,1,0
342200,0.015085,0.001202,0,1,0
342300,0.015085,0.001202,0,1,0
342400,0.015085,0.001202,0,1,0
342500,0.015085,0.001202,0,1,0
342600,0.015085,0.001202,0,1,0
342700,0.015085,0.001202,0,1,0
342800,0.015085,0.001202,0,1,0
342900,0.015085,0.001202,0,1,0
343000,0.015085,0.001202,0,1,0
343100,0.015085,0.001202,0,1,0
343200,0.015085,0.001202,0,1,0
343300,0.015085,0.001202,0,1,0
343400,0.015085,0.001202,0,1,0
343500,0.015085,0.001202,0,1,0
343600,0.015085,0.001202,0,1,0
343700,0.015085,0.001202,0,1,0
343800,0.015085,0.001202,0,1,0
343900,0.015085,0.001145,0,1,0
344000,0.015085,0.001202,0,1,0
344100,0.015085,0.001202,0,1,0
344200,0.015085,0.000802,0,0,0
344300,0.015085,0.001202,0,1,0
344400,0.015085,0.001202,0,1,0
344500,0.015085,0.001202,0,1,0
344600,0.015085,0.001202,0,1,0
344700,0.015085,0.001202,0,1,0
344800,0.015085,0.001202,0,1,0
344900,0.015085,0.001202,0,1,0
345000,0.015085,0.001202,0,1,0
345100,0.015085,0.001202,0,1,0
345200,0.015085,0.000805,0,0,0
345300,0.015085,0.001202,0,1,0
345400,0.015085,0.001202,0,1,0
345500,0.015085,0.001202,0,1,0
345600,0.015085,0.001202,0,1,0
345700,0.015085,0.001011,0,0,0
345800,0.015085,0.012734,0,1,0
345900,0.015085,0.001202,0,1,0
346000,0.015085,0.001202,0,1,0
346100,0.015085,0.001202,0,1,0
346200,0.015085,0.001202,0,1,0
346300,0.015085,0.000805,0,0,0
346400,0.015085,0.000805,0,0,0
346500,0.015085,0.001427,0,0,0
346600,0.015085,0.000805,0,0,0
346700,0.015085,0.001387,0,0,0
346800,0.015085,0.000797,0,0,0
346900,0.015085,0.000805,0,0,0
347000,0.015085,0.000805,0,0,0
347100,0.015085,0.001228,0,1,0
347200,0.015085,0.001228,0,1,0
347300,0.015085,0.001228,0,1,0
347400,0.015085,0.001228,0,1,0
347500,0.015085,0.001228,0,1,0
347600,0.015085,0.001228,0,1,0
347700,0.015085,0.001228,0,1,0
347800,0.015085,0.001228,0,1,0
347900,0.015085,0.001228,0,1,0
348000,0.042737,0.000821,0,0,0
348100,0.043284,0.001228,0,1,0
348200,0.046922,0.001228,0,1,0
348300,0.046922,0.001228,0,1,0
348400,0.046922,0.000805,0,0,0
348500,0.046922,0.001228,0,1,0
348600,0.046922,0.001228,0,1,0
348700,0.046922,0.001228,0,1,0
348800,0.046922,0.001228,0,1,0
348900,0.046922,0.000805,0,0,0
349000,0.046922,0.001228,0,1,0
349100,0.046924,0.000794,0,0,0
349200,0.047138,0.976294,1,1,0
349300,0.047138,0.001228,0,1,0
349400,0.047138,0.001228,0,1,0
349500,0.047138,0.001228,0,1,0
349600,0.060593,0.001228,0,1,0
349700,0.071083,0.00081,0,0,0
349800,0.071083,0.001228,0,1,0
349900,0.071083,0.001228,0,1,0
350000,0.071184,0.001228,0,1,0
350100,0.071091,0.001228,0,1,0
350200,0.071083,0.000805,0,0,0
350300,0.071091,0.001228,0,1,0
350400,0.071091,0.001228,0,1,0
350500,0.071083,0.001228,0,1,0
350600,0.071906,0.001228,0,1,0
350700,0.071906,0.001228,0,1,0
350800,0.071906,0.001228,0,1,0
350900,0.071906,0.001228,0,1,0
351000,0.071906,0.001228,0,1,0
351100,0.071906,0.001228,0,1,0
351200,0.071906,0.071906,1,1,0
351300,0.071906,0.001228,0,1,0
351400,0.071906,0.001228,0,1,0
351500,0.071906,0.071906,1,1,0
351600,0.071906,0.001228,0,1,0
351700,0.071906,0.001228,0,1,0
351800,0.071906,0.001228,0,1,0
351900,0.071906,0.001228,0,1,0
352000,0.071906,0.001228,0,1,0
352100,0.071906,0.154887,1,0,0
352200,0.071906,0.001228,0,1,0
352300,0.071906,0.001228,0,1,0
352400,0.071906,0.001228,0,1,0
352500,0.071906,0.001228,0,1,0
352600,0.071906,0.001228,0,1,0
352700,0.071906,0.001228,0,1,0
352800,0.071906,0.001228,0,1,0
352900,0.071906,0.486024,1,1,0
353000,0.071906,0.087577,1,1,0
353100,0.071906,0.001228,0,1,0
353200,0.071906,0.001228,0,1,0
353300,0.071906,0.001228,0,1,0
353400,0.071906,0.001228,0,1,0
353500,0.071906,0.000976,0,0,0
353600,0.071906,0.001228,0,1,0
353700,0.071906,0.001228,0,1,0
353800,0.071906,0.001228,0,1,0
353900,0.071906,0.000971,0,0,0
354000,0.071906,0.001228,0,1,0
354100,0.071906,0.001228,0,1,0
354200,0.071906,0.046922,0,1,0
354300,0.071906,0.001228,0,1,0
354400,0.071906,0.001228,0,1,0
354500,0.071906,0.001228,0,1,0
354600,0.071906,0.001228,0,1,0
354700,0.071906,0.001228,0,1,0
354800,0.071906,0.001228,0,1,0
354900,0.071906,0.001228,0,1,0
355000,0.071906,0.001228,0,1,0
355100,0.071906,0.001228,0,1,0
355200,0.071906,0.001228,0,1,0
355300,0.071906,0.001228,0,1,0
355400,0.071906,0.001228,0,1,0
355500,0.071906,0.001228,0,1,0
355600,0.071906,0.000806,0,0,0
355700,0.071906,0.001228,0,1,0
355800,0.071906,0.001228,0,1,0
355900,0.071906,0.046922,0,1,0
356000,0.071906,0.001228,0,1,0
356100,0.071906,0.001228,0,1,0
356200,0.071906,0.001228,0,1,0
356300,0.071906,0.001228,0,1,0
356400,0.071906,0.001228,0,1,0
356500,0.071906,0.001228,0,1,0
356600,0.071906,0.001228,0,1,0
356700,0.071906,0.001228,0,1,0
356800,0.071906,0.001228,0,1,0
356900,0.071906,0.001228,0,1,0
357000,0.071906,0.001228,0,1,0
357100,0.071906,0.001228,0,1,0
357200,0.071906,0.001228,0,1,0
357300,0.071906,0.001228,0,1,0
357400,0.071906,0.001228,0,1,0
357500,0.071906,0.001228,0,1,0
357600,0.071906,0.001228,0,1,0
357700,0.071906,0.001228,0,1,0
357800,0.071906,0.001228,0,1,0
357900,0.071906,0.001228,0,1,0
358000,0.071906,0.001228,0,1,0
358100,0.071906,0.001228,0,1,0
358200,0.071906,0.001228,0,1,0
358300,0.071906,0.001228,0,1,0
358400,0.071906,0.001228,0,1,0
358500,0.071906,0.001228,0,1,0
358600,0.071906,0.001228,0,1,0
358700,0.071906,0.001228,0,1,0
358800,0.071906,0.001228,0,1,0
358900,0.071906,0.001228,0,1,0
359000,0.071906,0.001228,0,1,0
359100,0.071906,0.001228,0,1,0
359200,0.071906,0.001228,0,1,0
359300,0.071906,0.001228,0,1,0
359400,0.071906,0.001228,0,1,0
359500,0.071906,0.001228,0,1,0
359600,0.071906,0.001228,0,1,0
359700,0.071906,0.001228,0,1,0
359800,0.071906,0.001228,0,1,0
359900,0.071906,0.001228,0,1,0
360000,0.071906,0.001228,0,1,0
360100,0.071906,0.001228,0,1,0
360200,0.071906,0.001228,0,1,0
360300,0.071906,0.001099,0,0,0
360400,0.071906,0.001228,0,1,0
360500,0.071906,0.001228,0,1,0
360600,0.071906,0.001228,0,1,0
360700,0.071906,0.001228,0,1,0
360800,0.071906,0.001228,0,1,0
360900,0.071906,0.001228,0,1,0
361000,0.071906,0.001228,0,1,0
361100,0.071906,0.001228,0,1,0
361200,0.071906,0.002321,0,0,0
361300,0.071906,0.000805,0,0,0
361400,0.071906,0.008884,0,1,0
361500,0.071906,0.001228,0,1,0
361600,0.071906,0.001228,0,1,0
361700,0.071906,0.043301,0,1,0
361800,0.071906,0.087577,1,1,0
361900,0.071906,0.001228,0,1,0
362000,0.071906,0.001228,0,1,0
362100,0.071906,0.001228,0,1,0
362200,0.071906,0.001228,0,1,0
362300,0.071906,0.001228,0,1,0
362400,0.071906,0.001228,0,1,0
362500,0.071906,0.001228,0,1,0
362600,0.071906,0.001228,0,1,0
362700,0.071906,0.001228,0,1,0
362800,0.071906,0.001228,0,1,0
362900,0.071906,0.001228,0,1,0
363000,0.071906,0.001228,0,1,0
363100,0.071906,0.001228,0,1,0
363200,0.071906,0.001228,0,1,0
363300,0.071906,0.001228,0,1,0
363400,0.071906,0.001228,0,1,0
363500,0.071906,0.000805,0,0,0
363600,0.071906,0.001228,0,1,0
363700,0.071906,0.001228,0,1,0
363800,0.071906,0.001228,0,1,0
363900,0.071906,0.001228,0,1,0
364000,0.071906,0.001228,0,1,0
364100,0.071906,0.001228,0,1,0
364200,0.071906,0.001228,0,1,0
364300,0.071906,0.001228,0,1,0
364400,0.071906,0.001228,0,1,0
364500,0.071906,0.001228,0,1,0
364600,0.071906,0.00103,0,0,0
364700,0.071906,0.001228,0,1,0
364800,0.071906,0.001228,0,1,0
364900,0.071906,0.001228,0,1,0
365000,0.071906,0.001228,0,1,0
365100,0.071906,0.001228,0,1,0
365200,0.071939,0.001228,0,1,0
365300,0.071939,0.001228,0,1,0
365400,0.071906,0.001228,0,1,0
365500,0.071906,0.001228,0,1,0
365600,0.071906,0.001228,0,1,0
365700,0.071906,0.001228,0,1,0
365800,0.071906,0.001228,0,1,0
365900,0.071906,0.001228,0,1,0
366000,0.071906,0.598778,1,1,0
366100,0.071906,0.001228,0,1,0
366200,0.071906,0.001228,0,1,0
366300,0.071906,0.001228,0,1,0
366400,0.071906,0.001305,0,1,0
366500,0.071906,0.001228,0,1,0
366600,0.071906,0.001114,0,0,0
366700,0.071906,0.001228,0,1,0
366800,0.071906,0.001228,0,1,0
366900,0.071906,0.001228,0,1,0
367000,0.071906,0.001228,0,1,0
367100,0.071906,0.001228,0,1,0
367200,0.071906,0.001228,0,1,0
367300,0.071906,0.001228,0,1,0
367400,0.071939,0.046922,0,1,0
367500,0.085753,0.001228,0,1,0
367600,0.075291,0.001228,0,1,0
367700,0.071939,0.001228,0,1,0
367800,0.071939,0.001228,0,1,0
367900,0.075268,0.001228,0,1,0
368000,0.071939,0.001228,0,1,0
368100,0.071929,0.000805,0,0,0
368200,0.071939,0.001228,0,1,0
368300,0.086591,0.001228,0,1,0
368400,0.086583,0.001228,0,1,0
368500,0.075291,0.001228,0,1,0
368600,0.075291,0.001228,0,1,0
368700,0.075291,0.001228,0,1,0
368800,0.086591,0.001228,0,1,0
368900,0.086591,0.001228,0,1,0
369000,0.075158,0.043301,0,1,0
369100,0.071939,0.001228,0,1,0
369200,0.071939,0.001228,0,1,0
369300,0.072944,0.001228,0,1,0
369400,0.087577,0.001228,0,1,0
369500,0.086601,0.001228,0,1,0
369600,0.086601,0.001228,0,1,0
369700,0.086591,0.001228,0,1,0
369800,0.086591,0.001228,0,1,0
369900,0.075244,0.001228,0,1,0
370000,0.086591,0.001228,0,1,0
370100,0.075291,0.043301,0,1,0
370200,0.071939,0.001228,0,1,0
370300,0.071939,0.001243,0,1,0
370400,0.071906,0.001228,0,1,0
370500,0.071955,0.001228,0,1,0
370600,0.071939,0.001228,0,1,0
370700,0.071939,0.001228,0,1,0
370800,0.08659,0.001228,0,1,0
370900,0.086591,0.001228,0,1,0
371000,0.086591,0.001228,0,1,0
371100,0.086591,0.001228,0,1,0
371200,0.086591,0.001228,0,1,0
371300,0.086591,0.001228,0,1,0
371400,0.086591,0.001228,0,1,0
371500,0.086591,0.001228,0,1,0
371600,0.086591,0.071906,0,1,0
371700,0.086593,0.001228,0,1,0
371800,0.086591,0.001228,0,1,0
371900,0.086591,0.001114,0,0,0
372000,0.086591,0.001228,0,1,0
372100,0.086591,0.001228,0,1,0
372200,0.086601,0.001228,0,1,0
372300,0.087577,0.001228,0,1,0
372400,0.087549,0.001228,0,1,0
372500,0.086657,0.001228,0,1,0
372600,0.087577,0.001228,0,1,0
372700,0.087577,0.008884,0,1,0
372800,0.087577,0.001228,0,1,0
372900,0.087577,0.001228,0,1,0
373000,0.087577,0.001171,0,1,0
373100,0.087577,0.001228,0,1,0
373200,0.087577,0.001228,0,1,0
373300,0.087577,0.001228,0,1,0
373400,0.086602,0.001171,0,1,0
373500,0.087577,0.001228,0,1,0
373600,0.087577,0.001228,0,1,0
373700,0.087577,0.001228,0,1,0
373800,0.087577,0.001228,0,1,0
373900,0.087577,0.001228,0,1,0
374000,0.087577,0.001305,0,1,0
374100,0.087577,0.001228,0,1,0
374200,0.086601,0.001228,0,1,0
374300,0.087284,0.001228,0,1,0
374400,0.086591,0.001228,0,1,0
374500,0.086591,0.008884,0,1,0
374600,0.086591,0.001228,0,1,0
374700,0.086591,0.001228,0,1,0
374800,0.086601,0.001228,0,1,0
374900,0.087577,0.001228,0,1,0
375000,0.086591,0.001228,0,1,0
375100,0.086601,0.001228,0,1,0
375200,0.086601,0.001228,0,1,0
375300,0.087575,0.001228,0,1,0
375400,0.087577,0.001305,0,1,0
375500,0.087577,0.001228,0,1,0
375600,0.087577,0.001228,0,1,0
375700,0.087577,0.001228,0,1,0
375800,0.087577,0.001228,0,1,0
375900,0.087577,0.001228,0,1,0
376000,0.087577,0.001228,0,1,0
376100,0.087577,0.001228,0,1,0
376200,0.087577,0.001228,0,1,0
376300,0.087577,0.001228,0,1,0
376400,0.087577,0.001228,0,1,0
376500,0.087577,0.001228,0,1,0
376600,0.087577,0.001228,0,1,0
376700,0.086765,0.001228,0,1,0
376800,0.087577,0.001228,0,1,0
376900,0.087577,0.001228,0,1,0
377000,0.087577,0.001228,0,1,0
377100,0.087577,0.001228,0,1,0
377200,0.087577,0.001228,0,1,0
377300,0.086601,0.001228,0,1,0
377400,0.086591,0.001228,0,1,0
377500,0.086591,0.001228,0,1,0
377600,0.086601,0.087577,1,1,0
377700,0.086591,0.001228,0,1,0
377800,0.086591,0.001228,0,1,0
377900,0.086591,0.001228,0,1,0
378000,0.086591,0.001228,0,1,0
378100,0.087574,0.001228,0,1,0
378200,0.087577,0.001228,0,1,0
378300,0.086591,0.000805,0,0,0
378400,0.086591,0.001228,0,1,0
378500,0.086591,0.001228,0,1,0
378600,0.086591,0.001228,0,1,0
378700,0.086601,0.001228,0,1,0
378800,0.086591,0.001171,0,1,0
378900,0.08749,0.000805,0,0,0
379000,0.087577,0.001228,0,1,0
379100,0.087577,0.001228,0,1,0
379200,0.087577,0.001243,0,1,0
379300,0.086601,0.001228,0,1,0
379400,0.087577,0.001228,0,1,0
379500,0.087577,0.001228,0,1,0
379600,0.087577,0.001228,0,1,0
379700,0.087577,0.001228,0,1,0
379800,0.086602,0.001228,0,1,0
379900,0.086591,0.000788,0,0,0
380000,0.086594,0.001228,0,1,0
380100,0.086413,0.000805,0,0,0
380200,0.087242,0.001228,0,1,0
380300,0.086603,0.043301,0,1,0
380400,0.086591,0.001228,0,1,0
380500,0.086591,0.001228,0,1,0
380600,0.071906,0.001228,0,1,0
380700,0.071906,0.001228,0,1,0
380800,0.071906,0.001228,0,1,0
380900,0.072053,0.001228,0,1,0
381000,0.086591,0.001228,0,1,0
381100,0.086591,0.001228,0,1,0
381200,0.086591,0.001228,0,1,0
381300,0.086601,0.001228,0,1,0
381400,0.087577,0.001228,0,1,0
381500,0.086601,0.001228,0,1,0
381600,0.086601,0.001228,0,1,0
381700,0.086591,0.001228,0,1,0
381800,0.071958,0.001228,0,1,0
381900,0.072053,0.000787,0,0,0
382000,0.086591,0.001228,0,1,0
382100,0.086591,0.001228,0,1,0
382200,0.086591,0.001228,0,1,0
382300,0.086591,0.001228,0,1,0
382400,0.086601,0.001228,0,1,0
382500,0.086591,0.001228,0,1,0
382600,0.086591,0.001228,0,1,0
382700,0.086591,0.001228,0,1,0
382800,0.086583,0.000883,0,0,0
382900,0.086591,0.001228,0,1,0
383000,0.086591,0.001228,0,1,0
383100,0.086591,0.001228,0,1,0
383200,0.086591,0.043101,0,1,0
383300,0.087575,0.001228,0,1,0
383400,0.087497,0.001228,0,1,0
383500,0.087577,0.001228,0,1,0
383600,0.087577,0.001228,0,1,0
383700,0.086591,0.001228,0,1,0
383800,0.087577,0.001228,0,1,0
383900,0.086592,0.001228,0,1,0
384000,0.086591,0.001228,0,1,0
384100,0.087343,0.001228,0,1,0
384200,0.087577,0.001228,0,1,0
384300,0.087577,0.001228,0,1,0
384400,0.087577,0.001228,0,1,0
384500,0.086936,0.001228,0,1,0
384600,0.086601,0.486024,1,1,0
384700,0.087577,0.001228,0,1,0
384800,0.087577,0.001228,0,1,0
384900,0.087577,0.001228,0,1,0
385000,0.087577,0.001228,0,1,0
385100,0.087577,0.001228,0,1,0
385200,0.087577,0.001228,0,1,0
385300,0.087577,0.001228,0,1,0
385400,0.087577,0.001228,0,1,0
385500,0.087577,0.001228,0,1,0
385600,0.087577,0.001228,0,1,0
385700,0.087577,0.046584,0,1,0
385800,0.087577,0.001228,0,1,0
385900,0.087577,0.001228,0,1,0
386000,0.087577,0.001228,0,1,0
386100,0.087577,0.001228,0,1,0
386200,0.087577,0.001228,0,1,0
386300,0.087577,0.001228,0,1,0
386400,0.087577,0.001228,0,1,0
386500,0.087577,0.001228,0,1,0
386600,0.087577,0.001228,0,1,0
386700,0.087577,0.001228,0,1,0
386800,0.087577,0.001228,0,1,0
386900,0.087577,0.001228,0,1,0
387000,0.087577,0.001228,0,1,0
387100,0.087577,0.001228,0,1,0
387200,0.087577,0.001228,0,1,0
387300,0.087577,0.001228,0,1,0
387400,0.087577,0.001228,0,1,0
387500,0.087577,0.001228,0,1,0
387600,0.087577,0.071906,0,1,0
387700,0.087577,0.001228,0,1,0
387800,0.087577,0.001228,0,1,0
387900,0.087577,0.001228,0,1,0
388000,0.087577,0.001228,0,1,0
388100,0.087577,0.047138,0,1,0
388200,0.087577,0.001228,0,1,0
388300,0.087577,0.001228,0,1,0
388400,0.087577,0.001228,0,1,0
388500,0.087577,0.001228,0,1,0
388600,0.087577,0.000795,0,0,0
388700,0.087577,0.001228,0,1,0
388800,0.087577,0.001228,0,1,0
388900,0.087577,0.001228,0,1,0
389000,0.087577,0.001228,0,1,0
389100,0.087577,0.000796,0,0,0
389200,0.071906,0.000805,0,0,0
389300,0.071906,0.001228,0,1,0
389400,0.072063,0.001228,0,1,0
389500,0.087577,0.001228,0,1,0
389600,0.087577,0.001387,0,0,0
389700,0.087577,0.000805,0,0,0
389800,0.087577,0.001228,0,1,0
389900,0.087577,0.001228,0,1,0
390000,0.087577,0.001228,0,1,0
390100,0.072062,0.000882,0,0,0
390200,0.072061,0.001228,0,1,0
390300,0.087577,0.001228,0,1,0
390400,0.087577,0.000805,0,0,0
390500,0.087577,0.001228,0,1,0
390600,0.072063,0.000805,0,0,0
390700,0.086299,0.001228,0,1,0
390800,0.087577,0.001228,0,1,0
390900,0.087577,0.001228,0,1,0
391000,0.087577,0.001228,0,1,0
391100,0.08662,0.00087,0,0,0
391200,0.087577,0.001228,0,1,0
391300,0.087577,0.001228,0,1,0
391400,0.086601,0.001228,0,1,0
391500,0.087577,0.001228,0,1,0
391600,0.087577,0.001228,0,1,0
391700,0.087577,0.001228,0,1,0
391800,0.087577,0.001228,0,1,0
391900,0.087577,0.001228,0,1,0
392000,0.087577,0.001228,0,1,0
392100,0.086601,0.000795,0,0,0
392200,0.07264,0.001228,0,1,0
392300,0.071906,0.001228,0,1,0
392400,0.072053,0.001228,0,1,0
392500,0.071931,0.001228,0,1,0
392600,0.072053,0.001228,0,1,0
392700,0.072028,0.001228,0,1,0
392800,0.071906,0.001228,0,1,0
392900,0.072069,0.001228,0,1,0
393000,0.087577,0.001228,0,1,0
393100,0.08661,0.001228,0,1,0
393200,0.086601,0.001228,0,1,0
393300,0.086601,0.000821,0,0,0
393400,0.087577,0.046584,0,1,0
393500,0.087577,0.001228,0,1,0
393600,0.087079,0.001228,0,1,0
393700,0.087577,0.001228,0,1,0
393800,0.087577,0.001228,0,1,0
393900,0.087577,0.001228,0,1,0
394000,0.086601,0.001228,0,1,0
394100,0.087577,0.001228,0,1,0
394200,0.087577,0.001228,0,1,0
394300,0.087577,0.001228,0,1,0
394400,0.087577,0.001228,0,1,0
394500,0.087577,0.001228,0,1,0
394600,0.087577,0.001228,0,1,0
394700,0.086602,0.001228,0,1,0
394800,0.087576,0.001228,0,1,0
394900,0.087577,0.001228,0,1,0
395000,0.086601,0.001228,0,1,0
395100,0.087577,0.071906,0,1,0
395200,0.087577,0.000805,0,0,0
395300,0.086593,0.000797,0,0,0
395400,0.086591,0.000805,0,0,0
395500,0.07264,0.001039,0,0,0
395600,0.086591,0.000818,0,0,0
395700,0.07325,0.000792,0,0,0
395800,0.071906,0.000805,0,0,0
395900,0.071906,0.000805,0,0,0
396000,0.086601,0.000794,0,0,0
396100,0.086601,0.033938,0,0,0
396200,0.072116,0.000805,0,0,0
396300,0.071907,0.000805,0,0,0
396400,0.072116,0.000805,0,0,0
396500,0.079453,0.00082,0,0,0
396600,0.087558,0.000805,0,0,0
396700,0.087577,0.000805,0,0,0
396800,0.087577,0.000805,0,0,0
396900,0.087577,0.000805,0,0,0
397000,0.087577,0.000805,0,0,0
397100,0.087577,0.000805,0,0,0
397200,0.086601,0.000915,0,0,0
397300,0.086601,0.00081,0,0,0
397400,0.071907,0.000792,0,0,0
397500,0.071907,0.003068,0,0,0
397600,0.071907,0.000805,0,0,0
397700,0.071906,0.001502,0,0,0
397800,0.071906,0.000805,0,0,0
397900,0.071906,0.000824,0,0,0
398000,0.071906,0.000877,0,0,0
398100,0.071906,0.000805,0,0,0
398200,0.071906,0.009256,0,0,0
398300,0.071906,0.003717,0,0,0
398400,0.071906,0.00082,0,0,0
398500,0.071906,0.001054,0,0,0
398600,0.071906,0.001009,0,0,0
398700,0.071906,0.004179,0,0,0
398800,0.06754,0.052562,0,0,0
398900,0.067496,0.000915,0,0,0
399000,0.067496,0.000805,0,0,0
399100,0.055981,0.000788,0,0,0
399200,0.054674,0.000805,0,0,0
399300,0.054674,0.000805,0,0,0
399400,0.053652,0.001051,0,0,0
399500,0.05267,0.000805,0,0,0
399600,0.05267,0.000786,0,0,0
399700,0.054514,0.000795,0,0,0
399800,0.054674,0.000805,0,0,0
399900,0.054674,0.000805,0,0,0
400000,0.054674,0.000805,0,0,0
400100,0.052562,0.000792,0,0,0
400200,0.052562,0.000907,0,0,0
400300,0.052562,0.000805,0,0,0
400400,0.052562,0.000805,0,0,0
400500,0.052562,0.000805,0,0,0
400600,0.052427,0.00439,0,0,0
400700,0.052562,0.000888,0,0,0
400800,0.052562,0.000805,0,0,0
400900,0.052562,0.001003,0,0,0
401000,0.052562,0.000926,0,0,0
401100,0.052562,0.000805,0,0,0
401200,0.049215,0.000805,0,0,0
401300,0.052562,0.000843,0,0,0
401400,0.049215,0.000805,0,0,0
401500,0.044899,0.000805,0,0,0
401600,0.041856,0.000805,0,0,0
401700,0.049215,0.000805,0,0,0
401800,0.052562,0.000805,0,0,0
401900,0.052563,0.000805,0,0,0
402000,0.052562,0.004732,0,0,0
402100,0.052562,0.000805,0,0,0
402200,0.052562,0.000805,0,0,0
402300,0.052562,0.00081,0,0,0
402400,0.052562,0.000819,0,0,0
402500,0.052562,0.000932,0,0,0
402600,0.052562,0.000786,0,0,0
402700,0.049215,0.000945,0,0,0
402800,0.052561,0.000816,0,0,0
402900,0.049215,0.000805,0,0,0
403000,0.044022,0.000805,0,0,0
403100,0.044022,0.000818,0,0,0
403200,0.0393,0.000805,0,0,0
403300,0.039295,0.000794,0,0,0
403400,0.039295,0.000805,0,0,0
403500,0.039295,0.000852,0,0,0
403600,0.039295,0.000811,0,0,0
403700,0.039295,0.000805,0,0,0
403800,0.039295,0.000919,0,0,0
403900,0.029015,0.000805,0,0,0
404000,0.038182,0.000896,0,0,0
404100,0.038182,0.000793,0,0,0
404200,0.039295,0.000805,0,0,0
404300,0.039295,0.000805,0,0,0
404400,0.039295,0.001792,0,0,0
404500,0.039295,0.000805,0,0,0
404600,0.039295,0.006225,0,0,0
404700,0.029322,0.000938,0,0,0
404800,0.028922,0.000794,0,0,0
404900,0.028922,0.000896,0,0,0
405000,0.028922,0.000794,0,0,0
405100,0.028922,0.001202,0,1,0
405200,0.028922,0.001202,0,1,0
405300,0.028922,0.001202,0,1,0
405400,0.028922,0.001202,0,1,0
405500,0.028922,0.001202,0,1,0
405600,0.029304,0.000805,0,0,0
405700,0.028922,0.001202,0,1,0
405800,0.028922,0.001202,0,1,0
405900,0.028922,0.001202,0,1,0
406000,0.019711,0.000883,0,0,0
406100,0.028287,0.000792,0,0,0
406200,0.038182,0.000801,0,0,0
406300,0.028925,0.001327,0,1,0
406400,0.028925,0.001202,0,1,0
406500,0.028925,0.000794,0,0,0
406600,0.039295,0.001202,0,1,0
406700,0.01651,0.001202,0,1,0
406800,0.016517,0.000792,0,0,0
406900,0.016332,0.000849,0,0,0
407000,0.016332,0.000794,0,0,0
407100,0.015806,0.000896,0,0,0
407200,0.01651,0.000814,0,0,0
407300,0.01651,0.001202,0,1,0
407400,0.01651,0.001202,0,1,0
407500,0.01651,0.001202,0,1,0
407600,0.01651,0.001202,0,1,0
407700,0.019746,0.000938,0,0,0
407800,0.019747,0.000805,0,0,0
407900,0.019746,0.000786,0,0,0
408000,0.019746,0.000794,0,0,0
408100,0.052607,0.001202,0,1,0
408200,0.052607,0.001202,0,1,0
408300,0.052607,0.001202,0,1,0
408400,0.052607,0.001202,0,1,0
408500,0.057108,0.000812,0,0,0
408600,0.067603,0.000877,0,0,0
408700,0.080627,0.001276,0,1,0
408800,0.080627,0.001202,0,1,0
408900,0.081639,0.001202,0,1,0
409000,0.081639,0.001202,0,1,0
409100,0.198407,0.000932,0,0,0
409200,0.181885,0.001202,0,1,0
409300,0.181885,0.001202,0,1,0
409400,0.181885,0.001202,0,1,0
409500,0.188467,0.001202,0,1,0
409600,0.198455,0.001202,0,1,0
409700,0.198455,0.001202,0,1,0
409800,0.198455,0.001202,0,1,0
409900,0.198455,0.001202,0,1,0
410000,0.199476,0.001202,0,1,0
410100,0.199476,0.001202,0,1,0
410200,0.199476,0.001202,0,1,0
410300,0.199476,0.001202,0,1,0
410400,0.22281,0.001228,0,1,0
410500,0.223235,0.000805,0,0,0
410600,0.208812,0.000794,0,0,0
410700,0.199476,0.000816,0,0,0
410800,0.199476,0.001135,0,0,0
410900,0.199476,0.002949,0,0,0
411000,0.19953,0.001202,0,1,0
411100,0.199477,0.001202,0,1,0
411200,0.199476,0.000794,0,0,0
411300,0.199476,0.001202,0,1,0
411400,0.199476,0.001202,0,1,0
411500,0.199476,0.000805,0,0,0
411600,0.199476,0.000942,0,0,0
411700,0.19953,0.000855,0,0,0
411800,0.199476,0.001202,0,1,0
411900,0.199476,0.001202,0,1,0
412000,0.199476,0.001202,0,1,0
412100,0.199476,0.001202,0,1,0
412200,0.199476,0.000805,0,0,0
412300,0.199476,0.000805,0,0,0
412400,0.199476,0.001118,0,0,0
412500,0.199476,0.000805,0,0,0
412600,0.199476,0.000805,0,0,0
412700,0.199476,0.000794,0,0,0
412800,0.198465,0.000805,0,0,0
412900,0.198465,0.001434,0,0,0
413000,0.198465,0.000785,0,0,0
413100,0.198455,0.000815,0,0,0
413200,0.198455,0.000805,0,0,0
413300,0.198455,0.000787,0,0,0
413400,0.198455,0.001463,0,0,0
413500,0.188518,0.001346,0,0,0
413600,0.181819,0.000969,0,0,0
413700,0.181819,0.000969,0,0,0
413800,0.181819,0.000969,0,0,0
413900,0.133029,0.000873,0,0,0
414000,0.133029,0.001209,0,0,0
414100,0.072985,0.000805,0,0,0
414200,0.072969,0.000805,0,0,0
414300,0.072969,0.000816,0,0,0
414400,0.072969,0.000933,0,0,0
414500,0.057227,0.00137,0,0,0
414600,0.041366,0.000805,0,0,0
414700,0.029046,0.001342,0,0,0
414800,0.029046,0.000805,0,0,0
414900,0.029046,0.000805,0,0,0
415000,0.015187,0.000805,0,0,0
415100,0.015085,0.000805,0,0,0
415200,0.015085,0.00431,0,0,0
415300,0.015085,0.000915,0,0,0
415400,0.015085,0.000805,0,0,0
415500,0.012735,0.00082,0,0,0
415600,0.012734,0.000978,0,0,0
415700,0.012734,0.002929,0,0,0
415800,0.012734,0.000805,0,0,0
415900,0.012833,0.000805,0,0,0
416000,0.012734,0.000805,0,0,0
416100,0.012734,0.000805,0,0,0
416200,0.012734,0.000794,0,0,0
416300,0.012734,0.000932,0,0,0
416400,0.011388,0.000786,0,0,0
416500,0.010409,0.001039,0,0,0
416600,0.0109,0.003971,0,0,0
416700,0.009951,0.9243,1,0,0
416800,0.011266,0.000794,0,0,0
416900,0.011265,0.000796,0,0,0
417000,0.011073,0.000915,0,0,0
417100,0.009757,0.000805,0,0,0
417200,0.009488,0.001267,0,0,0
417300,0.009659,0.000788,0,0,0
417400,0.009256,0.000797,0,0,0
417500,0.009256,0.000805,0,0,0
417600,0.009256,0.000805,0,0,0
417700,0.009256,0.001937,0,0,0
417800,0.009256,0.000805,0,0,0
417900,0.009256,0.000793,0,0,0
418000,0.008981,0.000805,0,0,0
418100,0.008981,0.00082,0,0,0
418200,0.008963,0.001908,0,0,0
418300,0.009258,0.00084,0,0,0
418400,0.009327,0.000941,0,0,0
418500,0.009539,0.000916,0,0,0
418600,0.009757,0.000805,0,0,0
418700,0.011106,0.000815,0,0,0
418800,0.01242,0.000805,0,0,0
418900,0.014358,0.000805,0,0,0
419000,0.01651,0.000805,0,0,0
419100,0.01651,0.000805,0,0,0
419200,0.01651,0.001039,0,0,0
419300,0.016518,0.000805,0,0,0
419400,0.01651,0.000794,0,0,0
419500,0.01651,0.000805,0,0,0
419600,0.014804,0.000805,0,0,0
419700,0.014886,0.000805,0,0,0
419800,0.014804,0.009645,0,0,0
419900,0.014804,0.000805,0,0,0
420000,0.014804,0.000826,0,0,0
420100,0.015496,0.000916,0,0,0
420200,0.015496,0.000805,0,0,0
420300,0.015496,0.000846,0,0,0
420400,0.015496,0.000793,0,0,0
420500,0.015496,0.000805,0,0,0
420600,0.015496,0.000797,0,0,0
420700,0.01492,0.000785,0,0,0
420800,0.01651,0.000805,0,0,0
420900,0.017361,0.000792,0,0,0
421000,0.017496,0.000805,0,0,0
421100,0.01651,0.001746,0,0,0
421200,0.01652,0.003972,0,0,0
421300,0.017496,0.000796,0,0,0
421400,0.017496,0.001251,0,0,0
421500,0.028922,0.000794,0,0,0
421600,0.028947,0.001342,0,0,0
421700,0.039295,0.001001,0,0,0
421800,0.028922,0.000805,0,0,0
421900,0.039295,0.000805,0,0,0
422000,0.039295,0.000805,0,0,0
422100,0.029026,0.000805,0,0,0
422200,0.039246,0.000785,0,0,0
422300,0.029026,0.000805,0,0,0
422400,0.039295,0.000932,0,0,0
422500,0.039412,0.000813,0,0,0
422600,0.039427,0.000805,0,0,0
422700,0.039427,0.000805,0,0,0
422800,0.052562,0.000805,0,0,0
422900,0.052573,0.015868,0,0,0
423000,0.053666,0.002777,0,0,0
423100,0.053666,0.000805,0,0,0
423200,0.059084,0.000805,0,0,0
423300,0.059168,0.000805,0,0,0
423400,0.059168,0.000792,0,0,0
423500,0.067495,0.000795,0,0,0
423600,0.059168,0.000805,0,0,0
423700,0.059168,0.001357,0,0,0
423800,0.059084,0.000805,0,0,0
423900,0.059084,0.00234,0,0,0
424000,0.054698,0.000805,0,0,0
424100,0.059168,0.0008,0,0,0
424200,0.059168,0.012734,0,1,0
424300,0.059084,0.001202,0,1,0
424400,0.059084,0.001202,0,1,0
424500,0.067496,0.000805,0,0,0
424600,0.067496,0.000797,0,0,0
424700,0.067496,0.000936,0,0,0
424800,0.067496,0.002515,0,0,0
424900,0.073046,0.001202,0,1,0
425000,0.087472,0.001202,0,1,0
425100,0.080695,0.001202,0,1,0
425200,0.080695,0.001202,0,1,0
425300,0.093976,0.000805,0,0,0
425400,0.09407,0.000805,0,0,0
425500,0.113803,0.000805,0,0,0
425600,0.132784,0.001202,0,1,0
425700,0.132784,0.001202,0,1,0
425800,0.132784,0.001202,0,1,0
425900,0.095939,0.001202,0,1,0
426000,0.128696,0.001287,0,0,0
426100,0.128696,0.000871,0,0,0
426200,0.128696,0.001342,0,0,0
426300,0.128696,0.001851,0,0,0
426400,0.160478,0.001202,0,1,0
426500,0.08845,0.001202,0,1,0
426600,0.080118,0.001202,0,1,0
426700,0.07472,0.001202,0,1,0
426800,0.128449,0.000805,0,0,0
426900,0.07304,0.000834,0,0,0
427000,0.072969,0.000805,0,0,0
427100,0.072969,0.000805,0,0,0
427200,0.07177,0.000832,0,0,0
427300,0.080626,0.001202,0,1,0
427400,0.080627,0.001202,0,1,0
427500,0.073863,0.001202,0,1,0
427600,0.080627,0.001202,0,1,0
427700,0.161321,0.00081,0,0,0
427800,0.181879,0.001202,0,1,0
427900,0.188463,0.001202,0,1,0
428000,0.188465,0.001202,0,1,0
428100,0.188465,0.001202,0,1,0
428200,0.181819,0.223235,1,1,0
428300,0.193184,0.001202,0,1,0
428400,0.193184,0.001202,0,1,0
428500,0.188465,0.001202,0,1,0
428600,0.192952,0.001121,0,0,0
428700,0.198455,0.000805,0,0,0
428800,0.198455,0.013662,0,0,0
428900,0.198455,0.000794,0,0,0
429000,0.198455,0.001113,0,0,0
429100,0.198455,0.003317,0,0,0
429200,0.198455,0.000805,0,0,0
429300,0.198455,0.001202,0,1,0
429400,0.198455,0.001202,0,1,0
429500,0.198455,0.001202,0,1,0
429600,0.198455,0.001202,0,1,0
429700,0.198455,0.003596,0,0,0
429800,0.199473,0.001202,0,1,0
429900,0.198465,0.001202,0,1,0
430000,0.198465,0.001202,0,1,0
430100,0.198465,0.015085,0,1,0
430200,0.199476,0.000805,0,0,0
430300,0.199467,0.000889,0,0,0
430400,0.199476,0.000898,0,0,0
430500,0.198465,0.005291,0,0,0
430600,0.198455,0.00082,0,0,0
430700,0.198455,0.000804,0,0,0
430800,0.198455,0.000805,0,0,0
430900,0.198455,0.000805,0,0,0
431000,0.181819,0.000805,0,0,0
431100,0.181819,0.000796,0,0,0
431200,0.181819,0.000805,0,0,0
431300,0.181819,0.000805,0,0,0
431400,0.181819,0.001006,0,0,0
431500,0.181819,0.000815,0,0,0
431600,0.181819,0.000829,0,0,0
431700,0.151974,0.00079,0,0,0
431800,0.137524,0.000805,0,0,0
431900,0.132976,0.003603,0,0,0
432000,0.132976,0.000932,0,0,0
432100,0.132976,0.000915,0,0,0
432200,0.15192,0.000794,0,0,0
432300,0.082523,0.00082,0,0,0
432400,0.082523,0.000805,0,0,0
432500,0.082523,0.000804,0,0,0
432600,0.080635,0.000805,0,0,0
432700,0.072985,0.000794,0,0,0
432800,0.067587,0.000932,0,0,0
432900,0.052717,0.000805,0,0,0
433000,0.052711,0.000805,0,0,0
433100,0.07293,0.000813,0,0,0
433200,0.069939,0.000805,0,0,0
433300,0.031328,0.000919,0,0,0
433400,0.031328,0.000805,0,0,0
433500,0.030109,0.003305,0,0,0
433600,0.024268,0.000805,0,0,0
433700,0.019599,0.000805,0,0,0
433800,0.018275,0.000805,0,0,0
433900,0.018275,0.01242,0,0,0
434000,0.019599,0.00171,0,0,0
434100,0.019599,0.000805,0,0,0
434200,0.018141,0.000805,0,0,0
434300,0.018141,0.000793,0,0,0
434400,0.018141,0.000896,0,0,0
434500,0.018141,0.000805,0,0,0
434600,0.01803,0.01651,0,0,0
434700,0.01738,0.000892,0,0,0
434800,0.01509,0.001908,0,0,0
434900,0.015085,0.00125,0,0,0
435000,0.015085,0.000889,0,0,0
435100,0.014628,0.000878,0,0,0
435200,0.012429,0.000803,0,0,0
435300,0.01433,0.000805,0,0,0
435400,0.012298,0.000805,0,0,0
435500,0.012823,0.000805,0,0,0
435600,0.016443,0.004885,0,0,0
435700,0.016444,0.000805,0,0,0
435800,0.01651,0.000805,0,0,0
435900,0.016518,0.000805,0,0,0
436000,0.016518,0.000805,0,0,0
436100,0.017374,0.00081,0,0,0
436200,0.017708,0.497437,1,0,0
436300,0.025804,0.000976,0,0,0
436400,0.031283,0.000805,0,0,0
436500,0.039295,0.000805,0,0,0
436600,0.04247,0.000805,0,0,0
436700,0.04247,0.001011,0,0,0
436800,0.04247,0.001035,0,0,0
436900,0.04247,0.001118,0,0,0
437000,0.04247,0.000915,0,0,0
437100,0.04247,0.003317,0,0,0
437200,0.04247,0.000932,0,0,0
437300,0.04247,0.001093,0,0,0
437400,0.04247,0.003947,0,0,0
437500,0.04247,0.000899,0,0,0
437600,0.04247,0.000899,0,0,0
437700,0.04247,0.000805,0,0,0
437800,0.04247,0.000805,0,0,0
437900,0.04247,0.000805,0,0,0
438000,0.04247,0.0008,0,0,0
438100,0.029108,0.000805,0,0,0
438200,0.037366,0.000794,0,0,0
438300,0.039295,0.000814,0,0,0
438400,0.039295,0.000889,0,0,0
438500,0.038311,0.001883,0,0,0
438600,0.037366,0.000816,0,0,0
438700,0.039295,0.000805,0,0,0
438800,0.039295,0.005146,0,0,0
438900,0.040262,0.000936,0,0,0
439000,0.039327,0.000805,0,0,0
439100,0.04247,0.27196,1,0,0
439200,0.04247,0.000805,0,0,0
439300,0.04247,0.000819,0,0,0
439400,0.04247,0.000794,0,0,0
439500,0.04247,0.000805,0,0,0
439600,0.047926,0.000805,0,0,0
439700,0.054698,0.000805,0,0,0
439800,0.059083,0.000792,0,0,0
439900,0.059084,0.000805,0,0,0
440000,0.07653,0.00532,0,0,0
440100,0.083314,0.000805,0,0,0
440200,0.087568,0.0008,0,0,0
440300,0.088602,0.000932,0,0,0
440400,0.088809,0.000805,0,0,0
440500,0.088809,0.000878,0,0,0
440600,0.088809,0.000915,0,0,0
440700,0.088809,0.000805,0,0,0
440800,0.088809,0.00088,0,0,0
440900,0.088809,0.000805,0,0,0
441000,0.088809,0.000898,0,0,0
441100,0.087581,0.004762,0,0,0
441200,0.085403,0.000879,0,0,0
441300,0.067372,0.00081,0,0,0
441400,0.059125,0.000805,0,0,0
441500,0.059084,0.000816,0,0,0
441600,0.054698,0.00079,0,0,0
441700,0.059014,0.000789,0,0,0
441800,0.06329,0.000792,0,0,0
441900,0.06329,0.000805,0,0,0
442000,0.06329,0.000814,0,0,0
442100,0.06329,0.000805,0,0,0
442200,0.067784,0.001468,0,0,0
442300,0.067785,0.000805,0,0,0
442400,0.069094,0.001391,0,0,0
442500,0.069094,0.000805,0,0,0
442600,0.069094,0.000805,0,0,0
442700,0.077012,0.000889,0,0,0
442800,0.077012,0.000783,0,0,0
442900,0.077012,0.000805,0,0,0
443000,0.077012,0.000805,0,0,0
443100,0.077012,0.000805,0,0,0
443200,0.069157,0.003082,0,0,0
443300,0.069015,0.000805,0,0,0
443400,0.069015,0.014354,0,0,0
443500,0.069015,0.003513,0,0,0
443600,0.069015,0.000805,0,0,0
443700,0.069157,0.000805,0,0,0
443800,0.083315,0.000805,0,0,0
443900,0.087568,0.00103,0,0,0
444000,0.087568,0.000993,0,0,0
444100,0.069795,0.00079,0,0,0
444200,0.069015,0.000814,0,0,0
444300,0.059249,0.000805,0,0,0
444400,0.057127,0.000805,0,0,0
444500,0.059001,0.00098,0,0,0
444600,0.052566,0.00098,0,0,0
444700,0.038908,0.001483,0,0,0
444800,0.023111,0.00081,0,0,0
444900,0.023063,0.000805,0,0,0
445000,0.018208,0.006162,0,0,0
445100,0.015915,0.000811,0,0,0
445200,0.015913,0.000805,0,0,0
445300,0.016015,0.000867,0,0,0
445400,0.01651,0.000805,0,0,0
445500,0.01811,0.001209,0,0,0
445600,0.026623,0.000805,0,0,0
445700,0.030203,0.000805,0,0,0
445800,0.031227,0.00081,0,0,0
445900,0.031227,0.000805,0,0,0
446000,0.031227,0.000794,0,0,0
446100,0.031227,0.000805,0,0,0
446200,0.033822,0.000805,0,0,0
446300,0.033822,0.000794,0,0,0
446400,0.033822,0.000792,0,0,0
446500,0.033822,0.000849,0,0,0
446600,0.033822,0.000805,0,0,0
446700,0.030227,0.000816,0,0,0
446800,0.028121,0.001908,0,0,0
446900,0.028121,0.000805,0,0,0
447000,0.028121,0.000803,0,0,0
447100,0.026094,0.000805,0,0,0
447200,0.023726,0.002852,0,0,0
447300,0.023725,0.00079,0,0,0
447400,0.016872,0.000896,0,0,0
447500,0.016557,0.000917,0,0,0
447600,0.016557,0.000805,0,0,0
447700,0.015869,0.000805,0,0,0
447800,0.015869,0.000805,0,0,0
447900,0.015869,0.000916,0,0,0
448000,0.015831,0.000805,0,0,0
448100,0.015869,0.000805,0,0,0
448200,0.031253,0.000805,0,0,0
448300,0.031253,0.000778,0,0,0
448400,0.031253,0.000805,0,0,0
448500,0.031227,0.000805,0,0,0
448600,0.031296,0.000915,0,0,0
448700,0.031228,0.0008,0,0,0
448800,0.031049,0.000818,0,0,0
448900,0.031228,0.000813,0,0,0
449000,0.031229,0.000803,0,0,0
449100,0.031227,0.000805,0,0,0
449200,0.031296,0.00079,0,0,0
449300,0.031296,0.001934,0,0,0
449400,0.038137,0.001173,0,0,0
449500,0.031343,0.000805,0,0,0
449600,0.01749,0.004682,0,0,0
449700,0.015849,0.00079,0,0,0
449800,0.016872,0.000877,0,0,0
449900,0.016872,0.000805,0,0,0
450000,0.01584,0.000924,0,0,0
450100,0.015837,0.000806,0,0,0
450200,0.015856,0.000924,0,0,0
450300,0.014991,0.000814,0,0,0
450400,0.014991,0.000805,0,0,0
450500,0.013955,0.000797,0,0,0
450600,0.010806,0.000805,0,0,0
450700,0.009323,0.000805,0,0,0
450800,0.008807,0.003305,0,0,0
450900,0.009256,0.00079,0,0,0
451000,0.009256,0.001183,0,0,0
451100,0.009266,0.000915,0,0,0
451200,0.009266,0.000792,0,0,0
451300,0.010241,0.000803,0,0,0
451400,0.010248,0.000805,0,0,0
451500,0.010248,0.003196,0,0,0
451600,0.010248,0.000896,0,0,0
451700,0.011066,0.000794,0,0,0
451800,0.013055,0.000805,0,0,0
451900,0.013864,0.000805,0,0,0
452000,0.014168,0.000805,0,0,0
452100,0.014168,0.000932,0,0,0
452200,0.014168,0.000805,0,0,0
452300,0.013866,0.002057,0,0,0
452400,0.013864,0.000805,0,0,0
452500,0.014361,0.000794,0,0,0
452600,0.014362,0.000805,0,0,0
452700,0.027543,0.001005,0,0,0
452800,0.046072,0.000805,0,0,0
452900,0.058992,0.000805,0,0,0
453000,0.058992,0.000805,0,0,0
453100,0.058992,0.00103,0,0,0
453200,0.05459,0.00103,0,0,0
453300,0.054674,0.000805,0,0,0
453400,0.054674,0.000792,0,0,0
453500,0.054674,0.000792,0,0,0
453600,0.054674,0.000805,0,0,0
453700,0.054674,0.054674,1,0,0
453800,0.054674,0.000821,0,0,0
453900,0.054674,0.000805,0,0,0
454000,0.052583,0.000831,0,0,0
454100,0.052583,0.000805,0,0,0
454200,0.052583,0.000805,0,0,0
454300,0.054633,0.000993,0,0,0
454400,0.054674,0.000805,0,0,0
454500,0.054674,0.000821,0,0,0
454600,0.054674,0.001183,0,0,0
454700,0.054674,0.000805,0,0,0
454800,0.054674,0.000805,0,0,0
454900,0.054674,0.000805,0,0,0
455000,0.054674,0.000805,0,0,0
455100,0.054674,0.001751,0,0,0
455200,0.054674,0.000972,0,0,0
455300,0.054674,0.000805,0,0,0
455400,0.054674,0.000907,0,0,0
455500,0.054674,0.000915,0,0,0
455600,0.055785,0.003947,0,0,0
455700,0.057106,0.001094,0,0,0
455800,0.057108,0.000801,0,0,0
455900,0.057108,0.000805,0,0,0
456000,0.057108,0.001079,0,0,0
456100,0.057108,0.000896,0,0,0
456200,0.054686,0.000942,0,0,0
456300,0.054685,0.000805,0,0,0
456400,0.054685,0.000805,0,0,0
456500,0.054685,0.000805,0,0,0
456600,0.054685,0.000805,0,0,0
456700,0.054674,0.000805,0,0,0
456800,0.054674,0.009751,0,0,0
456900,0.054674,0.000805,0,0,0
457000,0.054674,0.000801,0,0,0
457100,0.054674,0.000792,0,0,0
457200,0.054674,0.000805,0,0,0
457300,0.054674,0.0008,0,0,0
457400,0.054674,0.000805,0,0,0
457500,0.054674,0.000805,0,0,0
457600,0.054674,0.001455,0,0,0
457700,0.054675,0.001011,0,0,0
457800,0.054674,0.00553,0,0,0
457900,0.028922,0.000805,0,0,0
458000,0.028922,0.000805,0,0,0
458100,0.028945,0.000805,0,0,0
458200,0.042339,0.000805,0,0,0
458300,0.038536,0.000792,0,0,0
458400,0.038537,0.000805,0,0,0
458500,0.052566,0.000792,0,0,0
458600,0.054674,0.000805,0,0,0
458700,0.054674,0.00088,0,0,0
458800,0.054047,0.000814,0,0,0
458900,0.054664,0.000821,0,0,0
459000,0.054674,0.001902,0,0,0
459100,0.054674,0.000805,0,0,0
459200,0.054674,0.000805,0,0,0
459300,0.052755,0.000805,0,0,0
459400,0.052583,0.001636,0,0,0
459500,0.052562,0.000805,0,0,0
459600,0.051773,0.000805,0,0,0
459700,0.052562,0.000805,0,0,0
459800,0.050901,0.000805,0,0,0
459900,0.052562,0.000916,0,0,0
460000,0.052562,0.000805,0,0,0
460100,0.052562,0.001434,0,0,0
460200,0.052562,0.000826,0,0,0
460300,0.052562,0.000805,0,0,0
460400,0.052562,0.001305,0,0,0
460500,0.052562,0.000813,0,0,0
460600,0.052562,0.000915,0,0,0
460700,0.052562,0.000805,0,0,0
460800,0.052562,0.000805,0,0,0
460900,0.050901,0.000805,0,0,0
461000,0.050901,0.000805,0,0,0
461100,0.042034,0.001851,0,0,0
461200,0.042034,0.00088,0,0,0
461300,0.042034,0.000805,0,0,0
461400,0.042034,0.000805,0,0,0
461500,0.042034,0.001177,0,0,0
461600,0.042034,0.000942,0,0,0
461700,0.038537,0.000805,0,0,0
461800,0.042034,0.001283,0,0,0
461900,0.050901,0.00081,0,0,0
462000,0.052562,0.00377,0,0,0
462100,0.052562,0.000805,0,0,0
462200,0.052562,0.000805,0,0,0
462300,0.052562,0.003603,0,0,0
462400,0.038627,0.000805,0,0,0
462500,0.050884,0.000805,0,0,0
462600,0.052562,0.000805,0,0,0
462700,0.028032,0.000805,0,0,0
462800,0.028032,0.000805,0,0,0
462900,0.037068,0.000805,0,0,0
463000,0.037068,0.000805,0,0,0
463100,0.038529,0.000894,0,0,0
463200,0.018723,0.00081,0,0,0
463300,0.019879,0.000805,0,0,0
463400,0.019878,0.000797,0,0,0
463500,0.016517,0.000805,0,0,0
463600,0.015141,0.000832,0,0,0
463700,0.014898,0.000785,0,0,0
463800,0.014898,0.045306,1,0,0
463900,0.014801,0.001177,0,0,0
464000,0.014797,0.000805,0,0,0
464100,0.01242,0.000805,0,0,0
464200,0.01242,0.000785,0,0,0
464300,0.01242,0.000888,0,0,0
464400,0.01242,0.000794,0,0,0
464500,0.012444,0.002864,0,0,0
464600,0.012534,0.000815,0,0,0
464700,0.014354,0.000783,0,0,0
464800,0.014354,0.000805,0,0,0
464900,0.014354,0.000794,0,0,0
465000,0.01242,0.000818,0,0,0
465100,0.012381,0.002963,0,0,0
465200,0.01242,0.000932,0,0,0
465300,0.014344,0.000805,0,0,0
465400,0.014354,0.003444,0,0,0
465500,0.014354,0.000805,0,0,0
465600,0.012423,0.000805,0,0,0
465700,0.01242,0.000805,0,0,0
465800,0.01244,0.000805,0,0,0
465900,0.015105,0.000791,0,0,0
466000,0.017496,0.000805,0,0,0
466100,0.017496,0.000805,0,0,0
466200,0.038817,0.001686,0,0,0
466300,0.105718,0.002455,0,0,0
466400,0.205559,0.000805,0,0,0
466500,0.205559,0.000831,0,0,0
466600,0.205559,0.001434,0,0,0
466700,0.205559,0.000805,0,0,0
466800,0.205559,0.000815,0,0,0
466900,0.205559,0.001206,0,0,0
467000,0.205559,0.000805,0,0,0
467100,0.205559,0.001434,0,0,0
467200,0.205559,0.000915,0,0,0
467300,0.205559,0.000805,0,0,0
467400,0.205559,0.000805,0,0,0
467500,0.205559,0.000794,0,0,0
467600,0.205559,0.000794,0,0,0
467700,0.205559,0.000805,0,0,0
467800,0.205559,0.001009,0,0,0
467900,0.205559,0.000792,0,0,0
468000,0.205559,0.000805,0,0,0
468100,0.205559,0.000791,0,0,0
468200,0.205559,0.000816,0,0,0
468300,0.205559,0.000805,0,0,0
468400,0.205559,0.000805,0,0,0
468500,0.205559,0.000832,0,0,0
468600,0.205559,0.000889,0,0,0
468700,0.205559,0.000805,0,0,0
468800,0.205559,0.000912,0,0,0
468900,0.205559,0.000814,0,0,0
469000,0.205559,0.000805,0,0,0
469100,0.205559,0.000795,0,0,0
469200,0.205559,0.000797,0,0,0
469300,0.205559,0.000978,0,0,0
469400,0.205559,0.000971,0,0,0
469500,0.205559,0.007103,0,0,0
469600,0.205559,0.000805,0,0,0
469700,0.205559,0.000805,0,0,0
469800,0.205559,0.000907,0,0,0
469900,0.205559,0.000805,0,0,0
470000,0.205559,0.000852,0,0,0
470100,0.205559,0.001224,0,0,0
470200,0.205559,0.000794,0,0,0
470300,0.205559,0.003076,0,0,0
470400,0.205559,0.000805,0,0,0
470500,0.205559,0.000966,0,0,0
470600,0.205559,0.000805,0,0,0
470700,0.205559,0.000805,0,0,0
470800,0.205559,0.000936,0,0,0
470900,0.205559,0.000899,0,0,0
471000,0.205559,0.00082,0,0,0
471100,0.205559,0.00082,0,0,0
471200,0.178974,0.000805,0,0,0
471300,0.142594,0.000821,0,0,0
471400,0.010932,0.000794,0,0,0
471500,0.007269,0.000794,0,0,0
471600,0.007336,0.001034,0,0,0
471700,0.007336,0.000797,0,0,0
471800,0.008613,0.000802,0,0,0
471900,0.008683,0.000877,0,0,0
472000,0.007336,0.000805,0,0,0
472100,0.007336,0.001683,0,0,0
472200,0.007794,0.882285,1,0,0
472300,0.01197,0.000805,0,0,0
472400,0.012975,0.003153,0,0,0
472500,0.010967,0.00105,0,0,0
472600,0.013284,0.039377,1,0,0
472700,0.015647,0.000823,0,0,0
472800,0.015669,0.000805,0,0,0
472900,0.01651,0.000805,0,0,0
473000,0.01651,0.000805,0,0,0
473100,0.01651,0.000805,0,0,0
473200,0.016516,0.001661,0,0,0
473300,0.01652,0.000805,0,0,0
473400,0.019327,0.001434,0,0,0
473500,0.028019,0.000805,0,0,0
473600,0.028019,0.000805,0,0,0
473700,0.028019,0.000794,0,0,0
473800,0.031951,0.000814,0,0,0
473900,0.031951,0.000805,0,0,0
474000,0.031951,0.000805,0,0,0
474100,0.034295,0.000794,0,0,0
474200,0.034295,0.000805,0,0,0
474300,0.034295,0.000805,0,0,0
474400,0.034295,0.000805,0,0,0
474500,0.028176,0.000797,0,0,0
474600,0.028019,0.0008,0,0,0
474700,0.024463,0.000794,0,0,0
474800,0.017566,0.006442,0,0,0
474900,0.017496,0.000794,0,0,0
475000,0.017496,0.000803,0,0,0
475100,0.017496,0.000805,0,0,0
475200,0.01651,0.001688,0,0,0
475300,0.01651,0.001009,0,0,0
475400,0.017375,0.000932,0,0,0
475500,0.017375,0.000794,0,0,0
475600,0.017375,0.000889,0,0,0
475700,0.017496,0.001101,0,0,0
475800,0.017476,0.001092,0,0,0
475900,0.017496,0.000889,0,0,0
476000,0.017556,0.000817,0,0,0
476100,0.017557,0.001099,0,0,0
476200,0.017557,0.000805,0,0,0
476300,0.019463,0.001446,0,0,0
476400,0.019463,0.001434,0,0,0
476500,0.019463,0.0008,0,0,0
476600,0.019463,0.000794,0,0,0
476700,0.023539,0.001342,0,0,0
476800,0.023791,0.005146,0,0,0
476900,0.024427,0.000802,0,0,0
477000,0.024427,0.000805,0,0,0
477100,0.024319,0.00081,0,0,0
477200,0.026327,0.000805,0,0,0
477300,0.023539,0.052562,1,0,0
477400,0.023601,0.000794,0,0,0
477500,0.023539,0.000805,0,0,0
477600,0.018581,0.000889,0,0,0
477700,0.017496,0.000851,0,0,0
477800,0.017496,0.000805,0,0,0
477900,0.016518,0.000793,0,0,0
478000,0.017496,0.000805,0,0,0
478100,0.017496,0.000805,0,0,0
478200,0.017496,0.000805,0,0,0
478300,0.017496,0.000771,0,0,0
478400,0.016512,0.000805,0,0,0
478500,0.01651,0.000824,0,0,0
478600,0.016515,0.000867,0,0,0
478700,0.01651,0.001021,0,0,0
478800,0.014362,0.000805,0,0,0
478900,0.01509,0.000805,0,0,0
479000,0.01509,0.000932,0,0,0
479100,0.012325,0.000805,0,0,0
479200,0.01509,0.000801,0,0,0
479300,0.01509,0.000805,0,0,0
479400,0.01509,0.000885,0,0,0
479500,0.01509,0.001434,0,0,0
479600,0.01509,0.000805,0,0,0
479700,0.01509,0.00079,0,0,0
479800,0.01509,0.000805,0,0,0
479900,0.012322,0.000805,0,0,0
480000,0.012322,0.00088,0,0,0
480100,0.0148,0.000853,0,0,0
480200,0.016529,0.000805,0,0,0
480300,0.019436,0.000805,0,0,0
480400,0.026598,0.000805,0,0,0
480500,0.026598,0.000771,0,0,0
480600,0.026598,0.000816,0,0,0
480700,0.026598,0.000805,0,0,0
480800,0.021477,0.000794,0,0,0
480900,0.020873,0.000888,0,0,0
481000,0.016535,0.000794,0,0,0
481100,0.016529,0.000805,0,0,0
481200,0.019436,0.00083,0,0,0
481300,0.01843,0.001042,0,0,0
481400,0.01843,0.00096,0,0,0
481500,0.01843,0.000814,0,0,0
481600,0.01843,0.000805,0,0,0
481700,0.016529,0.000805,0,0,0
481800,0.014806,0.000795,0,0,0
481900,0.011048,0.000896,0,0,0
482000,0.011048,0.000805,0,0,0
482100,0.011048,0.001067,0,0,0
482200,0.009649,0.000896,0,0,0
482300,0.009645,0.000805,0,0,0
482400,0.009606,0.000896,0,0,0
482500,0.009606,0.000805,0,0,0
482600,0.009645,0.000805,0,0,0
482700,0.011048,0.000805,0,0,0
482800,0.01509,0.001215,0,0,0
482900,0.01509,0.001341,0,0,0
483000,0.013067,0.255105,1,0,0
483100,0.011392,0.000805,0,0,0
483200,0.011394,0.000805,0,0,0
483300,0.011392,0.000805,0,0,0
483400,0.011392,0.000797,0,0,0
483500,0.011392,0.000805,0,0,0
483600,0.011075,0.000803,0,0,0
483700,0.009645,0.000936,0,0,0
483800,0.009649,0.000805,0,0,0
483900,0.009645,0.000805,0,0,0
484000,0.009645,0.001455,0,0,0
484100,0.016961,0.000805,0,0,0
484200,0.016514,0.001663,0,0,0
484300,0.016961,0.000854,0,0,0
484400,0.016514,0.000805,0,0,0
484500,0.023542,0.000812,0,0,0
484600,0.0241,0.000805,0,0,0
484700,0.028922,0.000796,0,0,0
484800,0.028922,0.000794,0,0,0
484900,0.028922,0.000794,0,0,0
485000,0.028922,0.000949,0,0,0
485100,0.028922,0.000805,0,0,0
485200,0.016514,0.000991,0,0,0
485300,0.01651,0.000805,0,0,0
485400,0.010839,0.000805,0,0,0
485500,0.010839,0.000805,0,0,0
485600,0.010839,0.000805,0,0,0
485700,0.010839,0.000896,0,0,0
485800,0.010839,0.000805,0,0,0
485900,0.010839,0.000805,0,0,0
486000,0.010839,0.005135,0,0,0
486100,0.015003,0.00082,0,0,0
486200,0.01436,0.014354,0,0,0
486300,0.01436,0.000896,0,0,0
486400,0.015003,0.000877,0,0,0
486500,0.01651,0.000912,0,0,0
486600,0.01651,0.000805,0,0,0
486700,0.01651,0.000805,0,0,0
486800,0.016514,0.000805,0,0,0
486900,0.016514,0.000805,0,0,0
487000,0.024078,0.000942,0,0,0
487100,0.038078,0.000818,0,0,0
487200,0.042469,0.000805,0,0,0
487300,0.04247,0.00088,0,0,0
487400,0.04247,0.000805,0,0,0
487500,0.04247,0.002854,0,0,0
487600,0.04247,0.000794,0,0,0
487700,0.04247,0.000794,0,0,0
487800,0.04002,0.000805,0,0,0
487900,0.04247,0.000872,0,0,0
488000,0.04247,0.00087,0,0,0
488100,0.040967,0.000805,0,0,0
488200,0.040021,0.000805,0,0,0
488300,0.04002,0.000805,0,0,0
488400,0.040856,0.000942,0,0,0
488500,0.040967,0.002112,0,0,0
488600,0.040967,0.000805,0,0,0
488700,0.040967,0.000805,0,0,0
488800,0.040967,0.000794,0,0,0
488900,0.040967,0.000796,0,0,0
489000,0.04247,0.000805,0,0,0
489100,0.04002,0.000793,0,0,0
489200,0.04002,0.000794,0,0,0
489300,0.04002,0.000805,0,0,0
489400,0.042467,0.0008,0,0,0
489500,0.04002,0.000805,0,0,0
489600,0.040011,0.000805,0,0,0
489700,0.039295,0.000805,0,0,0
489800,0.039295,0.000794,0,0,0
489900,0.039295,0.001175,0,0,0
490000,0.039295,0.000805,0,0,0
490100,0.039295,0.000805,0,0,0
490200,0.039295,0.002959,0,0,0
490300,0.039295,0.000793,0,0,0
490400,0.039295,0.000794,0,0,0
490500,0.039295,0.000805,0,0,0
490600,0.039295,0.000805,0,0,0
490700,0.039295,0.000884,0,0,0
490800,0.039302,0.000889,0,0,0
490900,0.039302,0.000805,0,0,0
491000,0.039302,0.000896,0,0,0
491100,0.039295,0.000896,0,0,0
491200,0.039295,0.001009,0,0,0
491300,0.039295,0.003111,0,0,0
491400,0.039295,0.023536,0,0,0
491500,0.039295,0.001363,0,0,0
491600,0.039295,0.000805,0,0,0
491700,0.039295,0.000804,0,0,0
491800,0.039295,0.000794,0,0,0
491900,0.039295,0.001937,0,0,0
492000,0.038456,0.000805,0,0,0
492100,0.029595,0.00096,0,0,0
492200,0.014354,0.00082,0,0,0
492300,0.011277,0.000932,0,0,0
492400,0.010116,0.000805,0,0,0
492500,0.009659,0.000805,0,0,0
492600,0.009659,0.000814,0,0,0
492700,0.009659,0.000818,0,0,0
492800,0.011282,0.000818,0,0,0
492900,0.011282,0.000805,0,0,0
493000,0.014353,0.000794,0,0,0
493100,0.014354,0.000843,0,0,0
493200,0.014362,0.000785,0,0,0
493300,0.014362,0.000792,0,0,0
493400,0.014354,0.000796,0,0,0
493500,0.014354,0.000805,0,0,0
493600,0.014362,0.000805,0,0,0
493700,0.01687,0.000785,0,0,0
493800,0.021536,0.00532,0,0,0
493900,0.028922,0.001074,0,0,0
494000,0.028009,0.00079,0,0,0
494100,0.028028,0.000785,0,0,0
494200,0.028905,0.000805,0,0,0
494300,0.028922,0.000805,0,0,0
494400,0.02803,0.0008,0,0,0
494500,0.028019,0.001135,0,0,0
494600,0.028019,0.000805,0,0,0
494700,0.028922,0.000785,0,0,0
494800,0.028922,0.000896,0,0,0
494900,0.028028,0.000805,0,0,0
495000,0.028028,0.000805,0,0,0
495100,0.028028,0.000805,0,0,0
495200,0.028028,0.000821,0,0,0
495300,0.028028,0.000785,0,0,0
495400,0.028019,0.000821,0,0,0
495500,0.023581,0.000794,0,0,0
495600,0.023581,0.000785,0,0,0
495700,0.023536,0.000804,0,0,0
495800,0.022727,0.000805,0,0,0
495900,0.015257,0.000934,0,0,0
496000,0.015257,0.000805,0,0,0
496100,0.015257,0.000889,0,0,0
496200,0.014365,0.000805,0,0,0
496300,0.014618,0.001342,0,0,0
496400,0.01496,0.000805,0,0,0
496500,0.010849,0.000805,0,0,0
496600,0.017548,0.000799,0,0,0
496700,0.022731,0.000794,0,0,0
496800,0.022734,0.001094,0,0,0
496900,0.028028,0.005841,0,0,0
497000,0.028922,0.000805,0,0,0
497100,0.028922,0.000804,0,0,0
497200,0.031272,0.000805,0,0,0
497300,0.031228,0.000794,0,0,0
497400,0.031227,0.000794,0,0,0
497500,0.031227,0.000915,0,0,0
497600,0.031227,0.000805,0,0,0
497700,0.031227,0.000792,0,0,0
497800,0.028923,0.000805,0,0,0
497900,0.031227,0.001179,0,0,0
498000,0.017566,0.000879,0,0,0
498100,0.017564,0.000805,0,0,0
498200,0.011502,0.000805,0,0,0
498300,0.011502,0.000805,0,0,0
498400,0.011502,0.000805,0,0,0
498500,0.011502,0.000805,0,0,0
498600,0.010722,0.000816,0,0,0
498700,0.009659,0.001061,0,0,0
498800,0.008279,0.000805,0,0,0
498900,0.007503,0.002963,0,0,0
499000,0.007073,0.000912,0,0,0
499100,0.007499,0.000805,0,0,0
499200,0.00708,0.000805,0,0,0
499300,0.006276,0.000805,0,0,0
499400,0.006443,0.000915,0,0,0
499500,0.007819,0.000883,0,0,0
499600,0.009752,0.000805,0,0,0
499700,0.009659,0.001183,0,0,0
499800,0.009729,0.006488,0,0,0
499900,0.009752,0.000805,0,0,0
500000,0.014637,0.000805,0,0,0
500100,0.024328,0.001209,0,0,0
500200,0.02717,0.000805,0,0,0
500300,0.031255,0.001113,0,0,0
500400,0.035783,0.001016,0,0,0
500500,0.037052,0.000802,0,0,0
500600,0.037052,0.000805,0,0,0
500700,0.037052,0.000805,0,0,0
500800,0.037052,0.000805,0,0,0
500900,0.037052,0.000792,0,0,0
501000,0.037052,0.000794,0,0,0
501100,0.037052,0.000882,0,1,0
501200,0.037052,0.000805,0,0,0
501300,0.037052,0.002283,0,0,0
501400,0.035784,0.000818,0,0,0
501500,0.035784,0.000805,0,0,0
501600,0.02717,0.000896,0,0,0
501700,0.026944,0.002824,0,0,0
501800,0.026944,0.001946,0,0,0
501900,0.023104,0.001241,0,0,0
502000,0.019626,0.000805,0,0,0
502100,0.021978,0.000961,0,0,0
502200,0.016531,0.000794,0,0,0
502300,0.015472,0.000922,0,0,0
502400,0.015471,0.000805,0,0,0
502500,0.015471,0.000794,0,0,0
502600,0.016529,0.000805,0,0,0
502700,0.018452,0.00103,0,0,0
502800,0.023104,0.000842,0,0,0
502900,0.019002,0.002854,0,0,0
503000,0.019002,0.00079,0,0,0
503100,0.019002,0.001045,0,0,0
503200,0.019002,0.0008,0,0,0
503300,0.021836,0.00079,0,0,0
503400,0.021978,0.000932,0,0,0
503500,0.024318,0.000805,0,0,0
503600,0.023104,0.000805,0,0,0
503700,0.024318,0.000805,0,0,0
503800,0.023115,0.000794,0,0,0
503900,0.019623,0.001632,0,0,0
504000,0.021978,0.000805,0,0,0
504100,0.024318,0.000877,0,0,0
504200,0.024328,0.000805,0,0,0
504300,0.025309,0.000805,0,0,0
504400,0.02433,0.000805,0,0,0
504500,0.02226,0.001633,0,0,0
504600,0.015996,0.000794,0,0,0
504700,0.015996,0.00694,0,0,0
504800,0.025308,0.001089,0,0,0
504900,0.032248,0.000805,0,0,0
505000,0.027177,0.000805,0,0,0
505100,0.015996,0.000794,0,0,0
505200,0.010123,0.001608,0,0,0
505300,0.009849,0.000879,0,0,0
505400,0.009794,0.000876,0,0,0
505500,0.009509,0.000805,0,0,0
505600,0.009509,0.000805,0,0,0
505700,0.009509,0.000761,0,0,0
505800,0.009509,0.000805,0,0,0
505900,0.009792,0.002959,0,0,0
506000,0.009792,0.000805,0,0,0
506100,0.009792,0.001224,0,0,0
506200,0.009792,0.001771,0,0,0
506300,0.009794,0.000805,0,0,0
506400,0.009794,0.000805,0,0,0
506500,0.009972,0.000792,0,0,0
506600,0.009509,0.000805,0,0,0
506700,0.009792,0.000805,0,0,0
506800,0.009792,0.000805,0,0,0
506900,0.012291,0.000814,0,0,0
507000,0.012611,0.028019,1,0,0
507100,0.028,0.000805,0,0,0
507200,0.028925,0.000805,0,0,0
507300,0.029206,0.000971,0,0,0
507400,0.029206,0.000818,0,0,0
507500,0.029206,0.000848,0,0,0
507600,0.028925,0.000879,0,0,0
507700,0.028922,0.0008,0,0,0
507800,0.020362,0.000819,0,0,0
507900,0.024053,0.000932,0,0,0
508000,0.028922,0.000912,0,0,0
508100,0.028922,0.000805,0,0,0
508200,0.028922,0.000805,0,0,0
508300,0.02808,0.000823,0,0,0
508400,0.028028,0.000805,0,0,0
508500,0.023841,0.000805,0,0,0
508600,0.023841,0.003017,0,0,0
508700,0.020397,0.001468,0,0,0
508800,0.020397,0.002284,0,1,0
508900,0.020362,0.001113,0,0,0
509000,0.024112,0.019885,0,0,0
509100,0.024058,0.000805,0,0,0
509200,0.024058,0.000805,0,0,0
509300,0.023841,0.000805,0,0,0
509400,0.023841,0.001248,0,0,0
509500,0.024316,0.000797,0,0,0
509600,0.024318,0.000805,0,0,0
509700,0.024318,0.000805,0,0,0
509800,0.020362,0.000794,0,0,0
509900,0.016531,0.000872,0,0,0
510000,0.01651,0.012327,0,0,0
510100,0.01651,0.000805,0,0,0
510200,0.01651,0.000915,0,0,0
510300,0.01651,0.000888,0,0,0
510400,0.019599,0.000786,0,0,0
510500,0.019599,0.000886,0,0,0
510600,0.019599,0.000805,0,0,0
510700,0.019602,0.000794,0,0,0
510800,0.019602,0.000805,0,0,0
510900,0.019602,0.000861,0,0,0
511000,0.019602,0.000821,0,0,0
511100,0.019602,0.000792,0,0,0
511200,0.019602,0.0008,0,0,0
511300,0.019599,0.000805,0,0,0
511400,0.019599,0.002539,0,0,0
511500,0.01989,0.000805,0,0,0
511600,0.01989,0.000805,0,0,0
511700,0.01989,0.000805,0,0,0
511800,0.01989,0.000805,0,0,0
511900,0.016517,0.000807,0,0,0
512000,0.01651,0.000912,0,0,0
512100,0.012308,0.000792,0,0,0
512200,0.012346,0.000805,0,0,0
512300,0.012319,0.000881,0,0,0
512400,0.014208,0.000794,0,0,0
512500,0.014208,0.000805,0,0,0
512600,0.014208,0.000805,0,0,0
512700,0.011546,0.000805,0,0,0
512800,0.014322,0.004682,0,0,0
512900,0.014155,0.000875,0,0,0
513000,0.014239,0.000805,0,0,0
513100,0.014354,0.000805,0,0,0
513200,0.014358,0.013662,0,0,0
513300,0.014354,0.000805,0,0,0
513400,0.015843,0.002995,0,0,0
513500,0.01436,0.000805,0,0,0
513600,0.014997,0.000794,0,0,0
513700,0.014368,0.001203,0,0,0
513800,0.014368,0.000805,0,0,0
513900,0.014354,0.000805,0,0,0
514000,0.013082,0.00087,0,0,0
514100,0.012333,0.000794,0,0,0
514200,0.011546,0.000805,0,0,0
514300,0.012915,0.000794,0,0,0
514400,0.012333,0.000805,0,0,0
514500,0.011293,0.000915,0,0,0
514600,0.010428,0.000805,0,0,0
514700,0.010426,0.000982,0,0,0
514800,0.011286,0.067496,1,0,0
514900,0.011066,0.000816,0,0,0
515000,0.011375,0.002401,0,0,0
515100,0.011286,0.000805,0,0,0
515200,0.011387,0.004478,0,0,0
515300,0.011542,0.000805,0,0,0
515400,0.01195,0.000803,0,0,0
515500,0.015673,0.003196,0,0,0
515600,0.037302,0.000805,0,0,0
515700,0.038173,0.000805,0,0,0
515800,0.044766,0.000805,0,0,0
515900,0.047926,0.000805,0,0,0
516000,0.047972,0.00079,0,0,0
516100,0.047972,0.001711,0,0,0
516200,0.047972,0.000917,0,0,0
516300,0.047972,0.000857,0,0,0
516400,0.047972,0.000805,0,0,0
516500,0.047993,0.000816,0,0,0
516600,0.047993,0.003076,0,0,0
516700,0.047993,0.00079,0,0,0
516800,0.047993,0.000805,0,0,0
516900,0.047993,0.000791,0,0,0
517000,0.054673,0.000882,0,1,0
517100,0.054685,0.00105,0,0,0
517200,0.047993,0.000794,0,0,0
517300,0.047993,0.000805,0,0,0
517400,0.053551,0.00079,0,0,0
517500,0.054674,0.000794,0,0,0
517600,0.054674,0.000805,0,0,0
517700,0.054685,0.001772,0,0,0
517800,0.053088,0.000805,0,0,0
517900,0.048794,0.000792,0,0,0
518000,0.047926,0.000805,0,0,0
518100,0.047904,0.000805,0,0,0
518200,0.043274,0.000848,0,0,0
518300,0.043239,0.000805,0,0,0
518400,0.043056,0.001301,0,0,0
518500,0.043239,0.000794,0,0,0
518600,0.042478,0.000805,0,0,0
518700,0.042478,0.000805,0,0,0
518800,0.042478,0.000805,0,0,0
518900,0.042478,0.00431,0,0,0
519000,0.042471,0.000805,0,0,0
519100,0.04247,0.000794,0,0,0
519200,0.04247,0.001009,0,0,0
519300,0.04247,0.000807,0,0,0
519400,0.04247,0.000805,0,0,0
519500,0.04247,0.000794,0,0,0
519600,0.04247,0.000805,0,0,0
519700,0.04247,0.000882,0,1,0
519800,0.04247,0.000805,0,0,0
519900,0.04247,0.001092,0,0,0
520000,0.041287,0.000805,0,0,0
520100,0.041129,0.000805,0,0,0
520200,0.039325,0.000805,0,0,0
520300,0.039307,0.000805,0,0,0
520400,0.039295,0.000794,0,0,0
520500,0.030399,0.000805,0,0,0
520600,0.01651,0.000805,0,0,0
520700,0.016514,0.000805,0,0,0
520800,0.016514,0.000805,0,0,0
520900,0.016928,0.000805,0,0,0
521000,0.01651,0.000805,0,0,0
521100,0.01651,0.00079,0,0,0
521200,0.01651,0.000805,0,0,0
521300,0.01651,0.002716,0,0,0
521400,0.01651,0.003895,0,0,0
521500,0.01651,0.000805,0,0,0
521600,0.01651,0.00297,0,0,0
521700,0.01651,0.000805,0,0,0
521800,0.01651,0.000805,0,0,0
521900,0.01651,0.000805,0,0,0
522000,0.01651,0.000805,0,0,0
522100,0.01651,0.000805,0,0,0
522200,0.014722,0.000805,0,0,0
522300,0.010133,0.000805,0,0,0
522400,0.009723,0.000805,0,0,0
522500,0.009723,0.000805,0,0,0
522600,0.009723,0.000805,0,0,0
522700,0.007775,0.0008,0,0,0
522800,0.007556,0.001347,0,0,0
522900,0.010814,0.001177,0,0,0
523000,0.013785,0.002773,0,0,0
523100,0.011967,0.000844,0,0,0
523200,0.011959,0.000805,0,0,0
523300,0.013785,0.001401,0,1,0
523400,0.014742,0.000805,0,0,0
523500,0.014721,0.000805,0,0,0
523600,0.014808,0.000805,0,0,0
523700,0.014808,0.000805,0,0,0
523800,0.014808,0.000805,0,0,0
523900,0.014808,0.000805,0,0,0
524000,0.014808,0.001977,0,0,0
524100,0.013785,0.000805,0,0,0
524200,0.013785,0.000879,0,0,0
524300,0.013785,0.001937,0,0,0
524400,0.013785,0.000787,0,0,0
524500,0.014721,0.001509,0,0,0
524600,0.010408,0.00081,0,0,0
524700,0.01111,0.000805,0,0,0
524800,0.01135,0.000805,0,0,0
524900,0.015237,0.000794,0,0,0
525000,0.015237,0.000794,0,0,0
525100,0.015868,0.000805,0,0,0
525200,0.015868,0.000805,0,0,0
525300,0.015868,0.001342,0,0,0
525400,0.015868,0.001148,0,0,0
525500,0.015244,0.000932,0,0,0
525600,0.015244,0.000805,0,0,0
525700,0.01144,0.000805,0,0,0
525800,0.00966,0.000877,0,0,0
525900,0.009278,0.000805,0,0,0
526000,0.009361,0.000805,0,0,0
526100,0.009624,0.000805,0,0,0
526200,0.009447,0.000805,0,0,0
526300,0.009278,0.000805,0,0,0
526400,0.008602,0.000805,0,0,0
526500,0.009623,0.000805,0,0,0
526600,0.009624,0.000884,0,0,0
526700,0.009278,0.000821,0,0,0
526800,0.009278,0.000882,0,1,0
526900,0.008581,0.000919,0,0,0
527000,0.008306,0.001108,0,0,0
527100,0.00795,0.000889,0,0,0
527200,0.008037,0.000805,0,0,0
527300,0.008581,0.000805,0,0,0
527400,0.009277,0.002676,0,0,0
527500,0.009278,0.000794,0,0,0
527600,0.009723,0.000805,0,0,0
527700,0.009723,0.001434,0,0,0
527800,0.009751,0.000819,0,0,0
527900,0.00795,0.000805,0,0,0
528000,0.007317,0.000805,0,0,0
528100,0.008037,0.000805,0,0,0
528200,0.008808,0.000805,0,0,0
528300,0.008808,0.000805,0,0,0
528400,0.008581,0.000805,0,0,0
528500,0.008306,0.000805,0,0,0
528600,0.008037,0.002531,0,0,0
528700,0.008306,0.000848,0,0,0
528800,0.008597,0.000794,0,0,0
528900,0.009234,0.000882,0,1,0
529000,0.009278,0.000805,0,0,0
529100,0.009954,0.000794,0,0,0
529200,0.014202,0.105058,1,0,0
529300,0.014798,0.004943,0,0,0
529400,0.014798,0.001401,0,0,0
529500,0.014896,0.00522,0,0,0
529600,0.014988,0.000805,0,0,0
529700,0.014977,0.000792,0,0,0
529800,0.014907,0.000805,0,0,0
529900,0.014354,0.000805,0,0,0
530000,0.014795,0.004002,0,0,0
530100,0.014358,0.000805,0,0,0
530200,0.014358,0.000805,0,0,0
530300,0.014354,0.000805,0,0,0
530400,0.014354,0.000805,0,0,0
530500,0.014358,0.000805,0,0,0
530600,0.014358,0.003211,0,0,0
530700,0.014354,0.000805,0,0,0
530800,0.014358,0.000805,0,0,0
530900,0.014358,0.00385,0,0,0
531000,0.014354,0.00216,0,0,0
531100,0.014354,0.000915,0,0,0
531200,0.014358,0.000805,0,0,0
531300,0.014358,0.000814,0,0,0
531400,0.014798,0.000805,0,0,0
531500,0.014354,0.003763,0,0,0
531600,0.014797,0.001109,0,0,0
531700,0.014798,0.000805,0,0,0
531800,0.014957,0.000792,0,0,0
531900,0.014988,0.000805,0,0,0
532000,0.014988,0.001352,0,0,0
532100,0.014988,0.000896,0,0,0
532200,0.014989,0.000805,0,0,0
532300,0.016446,0.000792,0,0,0
532400,0.01651,0.000805,0,0,0
532500,0.01652,0.000896,0,0,0
532600,0.01651,0.003211,0,0,0
532700,0.018418,0.002358,0,0,0
532800,0.017659,0.003513,0,0,0
532900,0.017845,0.000805,0,0,0
533000,0.017845,0.000805,0,0,0
533100,0.017496,0.000805,0,0,0
533200,0.017496,0.000936,0,0,0
533300,0.017845,0.001011,0,0,0
533400,0.017845,0.000794,0,0,0
533500,0.017845,0.000805,0,0,0
533600,0.018428,0.000805,0,0,0
533700,0.018428,0.000915,0,0,0
533800,0.022625,0.000882,0,1,0
533900,0.022625,0.0008,0,0,0
534000,0.022625,0.000805,0,0,0
534100,0.018428,0.000794,0,0,0
534200,0.015023,0.000805,0,0,0
534300,0.014354,0.000805,0,0,0
534400,0.014354,0.001203,0,0,0
534500,0.013679,0.000805,0,0,0
534600,0.013622,0.000805,0,0,0
534700,0.01179,0.000805,0,0,0
534800,0.011659,0.000846,0,0,0
534900,0.013765,0.006284,0,0,0
535000,0.011667,0.001034,0,0,0
535100,0.011948,0.000785,0,0,0
535200,0.011949,0.000805,0,0,0
535300,0.011949,0.003196,0,0,0
535400,0.012772,0.000882,0,1,0
535500,0.011651,0.000805,0,0,0
535600,0.012805,0.000877,0,0,0
535700,0.014354,0.000805,0,0,0
535800,0.014354,0.000794,0,0,0
535900,0.014354,0.000805,0,0,0
536000,0.014354,0.000805,0,0,0
536100,0.014354,0.000805,0,0,0
536200,0.014354,0.000805,0,0,0
536300,0.014354,0.001314,0,0,0
536400,0.014354,0.000805,0,0,0
536500,0.014354,0.000805,0,0,0
536600,0.014354,0.000805,0,0,0
536700,0.014354,0.000815,0,0,0
536800,0.014354,0.000794,0,0,0
536900,0.014354,0.001033,0,0,0
537000,0.01363,0.001766,0,0,0
537100,0.012773,0.000889,0,0,0
537200,0.013624,0.014988,1,0,0
537300,0.010984,0.000805,0,0,0
537400,0.011051,0.000805,0,0,0
537500,0.010954,0.000792,0,0,0
537600,0.010914,0.000805,0,0,0
537700,0.009979,0.005138,0,0,0
537800,0.010275,0.001206,0,0,0
537900,0.010276,0.000805,0,0,0
538000,0.010279,0.002113,0,0,0
538100,0.010279,0.000873,0,0,0
538200,0.010279,0.000839,0,0,0
538300,0.009979,0.00522,0,0,0
538400,0.009979,0.000805,0,0,0
538500,0.010279,0.000805,0,0,0
538600,0.009982,0.000805,0,0,0
538700,0.009982,0.000805,0,0,0
538800,0.009979,0.000813,0,0,0
538900,0.009979,0.001009,0,0,0
539000,0.009979,0.000805,0,0,0
539100,0.009979,0.000805,0,0,0
539200,0.009982,0.000805,0,0,0
539300,0.009709,0.000805,0,0,0
539400,0.009711,0.000805,0,0,0
539500,0.009709,0.000805,0,0,0
539600,0.009709,0.000805,0,0,0
539700,0.009257,0.000805,0,0,0
539800,0.009233,0.000805,0,0,0
539900,0.008213,0.005135,0,0,0
540000,0.008305,0.000805,0,0,0
540100,0.007857,0.000805,0,0,0
540200,0.007856,0.000805,0,0,0
540300,0.007856,0.000805,0,0,0
540400,0.007502,0.000805,0,0,0
540500,0.007416,0.000805,0,0,0
540600,0.007381,0.000637,0,0,0
540700,0.006332,0.000936,0,0,0
540800,0.00612,0.00088,0,0,0
540900,0.006284,0.000882,0,1,0
541000,0.0062,0.002284,0,1,0
541100,0.006136,0.000803,0,1,0
541200,0.006284,0.001059,0,0,0
541300,0.006322,0.001789,0,0,0
541400,0.006332,0.001439,0,0,0
541500,0.006332,0.000916,0,0,0
541600,0.006284,0.000805,0,0,0
541700,0.006332,0.004201,0,0,0
541800,0.006284,0.000805,0,0,0
541900,0.0062,0.000805,0,0,0
542000,0.006121,0.000805,0,0,0
542100,0.006284,0.000805,0,0,0
542200,0.006108,0.001039,0,0,0
542300,0.006108,0.000805,0,0,0
542400,0.006108,0.000792,0,0,0
542500,0.006108,0.000817,0,0,0
542600,0.006108,0.000794,0,0,0
542700,0.006108,0.000844,0,0,0
542800,0.006108,0.000958,0,0,0
542900,0.006108,0.000794,0,0,0
543000,0.006108,0.000805,0,0,0
543100,0.006108,0.000794,0,0,0
543200,0.00612,0.000794,0,0,0
543300,0.006136,0.002284,0,1,0
543400,0.006332,0.000805,0,0,0
543500,0.006284,0.000915,0,0,0
543600,0.006284,0.001113,0,0,0
543700,0.006284,0.000875,0,0,0
543800,0.006284,0.002284,0,1,0
543900,0.0062,0.000814,0,0,0
544000,0.0062,0.003231,0,0,0
544100,0.006135,0.000805,0,0,0
544200,0.00612,0.005247,0,0,0
544300,0.00612,0.000805,0,0,0
544400,0.00612,0.000805,0,0,0
544500,0.00612,0.000805,0,0,0
544600,0.00612,0.000805,0,0,0
544700,0.00612,0.001461,0,0,0
544800,0.00612,0.000813,0,0,0
544900,0.006125,0.000805,0,0,0
545000,0.00612,0.000834,0,0,0
545100,0.006135,0.002503,0,0,0
545200,0.006135,0.000867,0,0,0
545300,0.00621,0.0008,0,0,0
545400,0.006332,0.00088,0,0,0
545500,0.006334,0.001081,0,1,0
545600,0.00651,0.000813,0,0,0
545700,0.00668,0.000805,0,0,0
545800,0.007515,0.003611,0,0,0
545900,0.01116,0.000899,0,0,0
546000,0.012809,0.00612,0,0,0
546100,0.012809,0.000805,0,0,0
546200,0.010434,0.001434,0,0,0
546300,0.010434,0.000797,0,0,0
546400,0.010434,0.001092,0,0,0
546500,0.014316,0.000882,0,1,0
546600,0.014337,0.005291,0,0,0
546700,0.012809,0.000805,0,0,0
546800,0.014342,0.004408,0,0,0
546900,0.014354,0.000791,0,0,0
547000,0.014354,0.000792,0,0,0
547100,0.014354,0.000805,0,0,0
547200,0.014354,0.000915,0,0,0
547300,0.014354,0.000786,0,0,0
547400,0.014354,0.000984,0,0,0
547500,0.014354,0.000805,0,0,0
547600,0.014354,0.000814,0,1,0
547700,0.014354,0.000805,0,0,0
547800,0.014354,0.000889,0,0,0
547900,0.014354,0.000805,0,0,0
548000,0.014354,0.000813,0,0,0
548100,0.014354,0.002284,0,1,0
548200,0.014354,0.001185,0,0,0
548300,0.014354,0.000805,0,0,0
548400,0.014354,0.000805,0,0,0
548500,0.014354,0.000805,0,0,0
548600,0.014361,0.000882,0,1,0
548700,0.014354,0.000805,0,0,0
548800,0.014354,0.002284,0,1,0
548900,0.014354,0.000805,0,0,0
549000,0.014354,0.000805,0,0,0
549100,0.014354,0.000805,0,0,0
549200,0.016315,0.00081,0,0,0
549300,0.016338,0.003544,0,0,0
549400,0.015934,0.000817,0,0,0
549500,0.015934,0.000805,0,0,0
549600,0.015934,0.000816,0,0,0
549700,0.015934,0.000805,0,0,0
549800,0.015934,0.000805,0,0,0
549900,0.015934,0.0008,0,0,0
550000,0.015934,0.000805,0,0,0
550100,0.015934,0.000805,0,0,0
550200,0.01651,0.001203,0,0,0
550300,0.01651,0.000805,0,0,0
550400,0.015934,0.000818,0,0,0
550500,0.015934,0.000805,0,0,0
550600,0.015159,0.000805,0,0,0
550700,0.01499,0.000805,0,0,0
550800,0.01436,0.001081,0,0,0
550900,0.008195,0.000927,0,0,0
551000,0.009302,0.000792,0,0,0
551100,0.009753,0.002854,0,0,0
551200,0.011379,0.001011,0,0,0
551300,0.011379,0.001101,0,0,0
551400,0.011967,0.000805,0,0,0
551500,0.010012,0.000934,0,0,0
551600,0.009993,0.001054,0,0,0
551700,0.011373,0.000865,0,0,0
551800,0.011377,0.000805,0,0,0
551900,0.009545,0.000805,0,0,0
552000,0.008687,0.000805,0,0,0
552100,0.008191,0.000805,0,0,0
552200,0.00815,0.000805,0,0,0
552300,0.007553,0.000805,0,0,0
552400,0.007553,0.000813,0,0,0
552500,0.006458,0.001257,0,0,0
552600,0.006453,0.000805,0,0,0
552700,0.006453,0.000818,0,0,0
552800,0.006453,0.001908,0,0,0
552900,0.008191,0.000805,0,0,0
553000,0.008191,0.000805,0,0,0
553100,0.012459,0.000805,0,0,0
553200,0.011387,0.000805,0,0,0
553300,0.013662,0.000879,0,0,0
553400,0.01374,0.000805,0,0,0
553500,0.013837,0.000804,0,0,0
553600,0.013662,0.00159,0,0,0
553700,0.013662,0.000925,0,0,0
553800,0.013662,0.000785,0,0,0
553900,0.013662,0.000805,0,0,0
554000,0.013662,0.002773,0,0,0
554100,0.01374,0.001035,0,0,0
554200,0.013747,0.005291,0,0,0
554300,0.013857,0.000882,0,1,0
554400,0.013857,0.0008,0,0,0
554500,0.013857,0.00433,0,0,0
554600,0.01374,0.002538,0,0,0
554700,0.01374,0.000898,0,0,0
554800,0.01374,0.000805,0,0,0
554900,0.013871,0.000892,0,0,0
555000,0.015038,0.000805,0,0,0
555100,0.015041,0.0008,0,0,0
555200,0.014825,0.000941,0,0,0
555300,0.014989,0.000805,0,0,0
555400,0.015041,0.002166,0,0,0
555500,0.01436,0.000805,0,0,0
555600,0.01436,0.000805,0,0,0
555700,0.01436,0.002358,0,0,0
555800,0.015041,0.000849,0,0,0
555900,0.015041,0.000805,0,0,0
556000,0.015196,0.000805,0,0,0
556100,0.018036,0.0008,0,0,0
556200,0.017996,0.000805,0,0,0
556300,0.018061,0.000883,0,0,0
556400,0.019909,0.000805,0,0,0
556500,0.019909,0.0008,0,0,0
556600,0.021937,0.000805,0,0,0
556700,0.032192,0.003449,0,0,0
556800,0.032858,0.000805,0,0,0
556900,0.039295,0.001273,0,0,0
557000,0.054674,0.000805,0,0,0
557100,0.059001,0.000805,0,0,0
557200,0.068755,0.000872,0,0,0
557300,0.087064,0.002299,0,0,0
557400,0.127081,0.000805,0,0,0
557500,0.128212,0.001455,0,0,0
557600,0.138232,0.000805,0,0,0
557700,0.142594,0.000805,0,0,0
557800,0.142594,0.000805,0,0,0
557900,0.132838,0.000805,0,0,0
558000,0.132838,0.000896,0,0,0
558100,0.138232,0.000915,0,0,0
558200,0.138232,0.000818,0,0,0
558300,0.132882,0.000999,0,0,0
558400,0.132882,0.00081,0,0,0
558500,0.134025,0.000893,0,0,0
558600,0.132882,0.000805,0,0,0
558700,0.132882,0.000805,0,0,0
558800,0.132882,0.00103,0,0,0
558900,0.142594,0.000805,0,0,0
559000,0.142594,0.000873,0,0,0
559100,0.132785,0.000805,0,0,0
559200,0.132882,0.000901,0,0,0
559300,0.132882,0.000805,0,0,0
559400,0.132882,0.0008,0,0,0
559500,0.142594,0.000802,0,0,0
559600,0.142594,0.000853,0,0,0
559700,0.142594,0.000786,0,0,0
559800,0.142594,0.000932,0,0,0
559900,0.142594,0.000786,0,0,0
560000,0.132784,0.000805,0,0,0
560100,0.132784,0.001,0,0,0
560200,0.132784,0.000966,0,0,0
560300,0.132784,0.000805,0,0,0
560400,0.132784,0.000805,0,0,0
560500,0.132784,0.000805,0,0,0
560600,0.132784,0.001215,0,0,0
560700,0.132784,0.000786,0,0,0
560800,0.132784,0.000805,0,0,0
560900,0.132784,0.000805,0,0,0
561000,0.130798,0.000805,0,0,0
561100,0.099953,0.000805,0,0,0
561200,0.099487,0.000816,0,0,0
561300,0.099487,0.000805,0,0,0
561400,0.099487,0.000805,0,0,0
561500,0.099487,0.000805,0,0,0
561600,0.099487,0.000805,0,0,0
561700,0.061716,0.000805,0,0,0
561800,0.06125,0.000805,0,0,0
561900,0.061243,0.000805,0,0,0
562000,0.052562,0.000889,0,0,0
562100,0.04247,0.000794,0,0,0
562200,0.042473,0.000792,0,0,0
562300,0.04247,0.000791,0,0,0
562400,0.04247,0.000805,0,0,0
562500,0.04247,0.031986,0,0,0
562600,0.04247,0.000805,0,0,0
562700,0.04247,0.000792,0,0,0
562800,0.04247,0.000805,0,0,0
562900,0.04247,0.000896,0,0,0
563000,0.04247,0.0008,0,0,0
563100,0.031246,0.004179,0,0,0
563200,0.019619,0.000795,0,0,0
563300,0.015613,0.000805,0,0,0
563400,0.015602,0.000805,0,0,0
563500,0.014644,0.001113,0,0,0
563600,0.015868,0.001085,0,0,0
563700,0.015682,0.019599,1,0,0
563800,0.015868,0.000915,0,0,0
563900,0.014644,0.0008,0,0,0
564000,0.014356,0.000834,0,0,0
564100,0.014637,0.067496,1,0,0
564200,0.012784,0.000805,0,0,0
564300,0.012298,0.000805,0,0,0
564400,0.012424,0.000805,0,0,0
564500,0.012655,0.010564,0,0,0
564600,0.012776,0.000794,0,0,0
564700,0.012424,0.01194,0,0,0
564800,0.013663,0.000805,0,0,0
564900,0.015868,0.000794,0,0,0
565000,0.014801,0.000805,0,0,0
565100,0.015868,0.000846,0,0,0
565200,0.015868,0.001247,0,0,0
565300,0.015868,0.00105,0,0,0
565400,0.015871,0.000805,0,0,0
565500,0.015871,0.000805,0,0,0
565600,0.015868,0.003495,0,0,0
565700,0.015868,0.000805,0,0,0
565800,0.015868,0.000805,0,0,0
565900,0.016166,0.000805,0,0,0
566000,0.01651,0.000811,0,0,0
566100,0.015871,0.000786,0,0,0
566200,0.015871,0.000805,0,0,0
566300,0.015868,0.000838,0,0,0
566400,0.015868,0.000831,0,0,0
566500,0.015868,0.000805,0,0,0
566600,0.015868,0.000805,0,0,0
566700,0.015868,0.000786,0,0,0
566800,0.015868,0.000805,0,0,0
566900,0.015724,0.000805,0,0,0
567000,0.015724,0.000805,0,0,0
567100,0.015724,0.000801,0,0,0
567200,0.014358,0.000805,0,0,0
567300,0.013782,0.001135,0,0,0
567400,0.012433,0.000818,0,0,0
567500,0.012016,0.004344,0,0,0
567600,0.011122,0.000932,0,0,0
567700,0.010961,0.000792,0,0,0
567800,0.011095,0.000827,0,0,0
567900,0.01096,0.000796,0,0,0
568000,0.01096,0.000791,0,0,0
568100,0.010566,0.001625,0,0,0
568200,0.010566,0.000786,0,0,0
568300,0.010566,0.00134,0,0,0
568400,0.010699,0.000922,0,0,0
568500,0.01087,0.001807,0,0,0
568600,0.01096,0.000796,0,0,0
568700,0.011702,0.002724,0,0,0
568800,0.011147,0.000805,0,0,0
568900,0.01242,0.001324,0,0,0
569000,0.01242,0.000805,0,0,0
569100,0.012427,0.000805,0,0,0
569200,0.01242,0.006358,0,0,0
569300,0.01242,0.000805,0,0,0
569400,0.01242,0.000805,0,0,0
569500,0.01206,0.000805,0,0,0
569600,0.013151,0.000792,0,0,0
569700,0.013153,0.000805,0,0,0
569800,0.014898,0.000805,0,0,0
569900,0.013151,0.000805,0,0,0
570000,0.014901,0.000805,0,0,0
570100,0.01545,0.002863,0,0,0
570200,0.01545,0.002076,0,0,0
570300,0.015458,0.000805,0,0,0
570400,0.015462,0.00105,0,0,0
570500,0.015458,0.001616,0,0,0
570600,0.01651,0.000792,0,0,0
570700,0.01651,0.000805,0,0,0
570800,0.017502,0.000805,0,0,0
570900,0.021633,0.000805,0,0,0
571000,0.021599,0.000805,0,0,0
571100,0.025028,0.00079,0,0,0
571200,0.025028,0.001342,0,0,0
571300,0.025414,0.0008,0,0,0
571400,0.025414,0.000801,0,0,0
571500,0.027188,0.000805,0,0,0
571600,0.027186,0.000805,0,0,0
571700,0.054512,0.390333,1,0,0
571800,0.067496,0.000786,0,0,0
571900,0.067496,0.000805,0,0,0
572000,0.067496,0.001113,0,0,0
572100,0.067496,0.000898,0,0,0
572200,0.067496,0.003946,0,0,0
572300,0.067496,0.000915,0,0,0
572400,0.067496,0.000805,0,0,0
572500,0.067511,0.000797,0,0,0
572600,0.067511,0.000805,0,0,0
572700,0.067511,0.000805,0,0,0
572800,0.067511,0.000915,0,0,0
572900,0.067511,0.000805,0,0,0
573000,0.090573,0.000786,0,0,0
573100,0.094002,0.000896,0,0,0
573200,0.094002,0.000805,0,0,0
573300,0.094002,0.000805,0,0,0
573400,0.096705,0.000805,0,0,0
573500,0.094002,0.000805,0,0,0
573600,0.094002,0.000805,0,0,0
573700,0.094002,0.013071,0,0,0
573800,0.094002,0.000809,0,0,0
573900,0.087633,0.000805,0,0,0
574000,0.087632,0.000805,0,0,0
574100,0.087632,0.00105,0,0,0
574200,0.087632,0.000816,0,0,0
574300,0.087632,0.000805,0,0,0
574400,0.082401,0.000805,0,0,0
574500,0.076861,0.000805,0,0,0
574600,0.076804,0.000896,0,0,0
574700,0.076804,0.001287,0,0,0
574800,0.067496,0.000839,0,0,0
574900,0.059372,0.000805,0,0,0
575000,0.057085,0.002786,0,0,0
575100,0.055942,0.000811,0,0,0
575200,0.055942,0.000805,0,0,0
575300,0.055946,0.000789,0,0,0
575400,0.055942,0.000805,0,0,0
575500,0.055954,0.000805,0,0,0
575600,0.055942,0.000932,0,0,0
575700,0.055954,0.001039,0,0,0
575800,0.05654,0.0008,0,0,0
575900,0.055942,0.001387,0,1,0
576000,0.057108,0.002936,0,0,0
576100,0.055942,0.000805,0,0,0
576200,0.055942,0.003586,0,0,0
576300,0.055942,0.000805,0,0,0
576400,0.055942,0.00164,0,0,0
576500,0.055942,0.000805,0,0,0
576600,0.055942,0.000805,0,0,0
576700,0.052111,0.000805,0,0,0
576800,0.037644,0.003362,0,0,0
576900,0.037644,0.001462,0,1,0
577000,0.037644,0.000794,0,0,0
577100,0.037644,0.000792,0,0,0
577200,0.037644,0.000805,0,0,0
577300,0.037644,0.001113,0,0,0
577400,0.042494,0.000815,0,0,0
577500,0.037645,0.000792,0,0,0
577600,0.037349,0.000996,0,0,0
577700,0.036631,0.000816,0,0,0
577800,0.036631,0.000805,0,0,0
577900,0.036626,0.000963,0,0,0
578000,0.030048,0.000805,0,0,0
578100,0.027323,0.000805,0,0,0
578200,0.027323,0.000842,0,0,0
578300,0.027323,0.000805,0,0,0
578400,0.021635,0.001203,0,0,0
578500,0.021635,0.000958,0,0,0
578600,0.021635,0.000821,0,0,0
578700,0.020343,0.001241,0,0,0
578800,0.021599,0.000805,0,0,0
578900,0.020983,0.003442,0,0,0
579000,0.020343,0.000805,0,0,0
579100,0.019799,0.000805,0,0,0
579200,0.017399,0.000805,0,0,0
579300,0.01738,0.001333,0,0,0
579400,0.016512,0.000818,0,0,0
579500,0.015388,0.001031,0,0,0
579600,0.014803,0.000805,0,0,0
579700,0.011458,0.000805,0,0,0
579800,0.011125,0.000805,0,0,0
579900,0.011125,0.000805,0,0,0
580000,0.010532,0.000805,0,0,0
580100,0.010188,0.000805,0,0,0
580200,0.009755,0.00081,0,0,0
580300,0.009623,0.001121,0,0,0
580400,0.010206,0.00088,0,0,0
580500,0.011077,0.001366,0,0,0
580600,0.011953,0.004172,0,0,0
580700,0.012317,0.004172,0,0,0
580800,0.011794,0.002804,0,0,0
580900,0.01194,0.000851,0,0,0
581000,0.013296,0.000805,0,0,0
581100,0.013296,0.00081,0,0,0
581200,0.0148,0.000942,0,0,0
581300,0.014797,0.000805,0,0,0
581400,0.013296,0.000805,0,0,0
581500,0.01324,0.000805,0,0,0
581600,0.011953,0.000803,0,0,0
581700,0.009153,0.001736,0,0,0
581800,0.009321,0.000805,0,0,0
581900,0.009748,0.001446,0,0,0
582000,0.009756,0.002807,0,0,0
582100,0.010523,0.000805,0,0,0
582200,0.014341,0.001241,0,0,0
582300,0.014354,0.001138,0,0,0
582400,0.01373,0.000805,0,0,0
582500,0.013244,0.000805,0,0,0
582600,0.011456,0.000846,0,0,0
582700,0.013244,0.000805,0,0,0
582800,0.01373,0.000805,0,0,0
582900,0.01373,0.001884,0,0,0
583000,0.01373,0.000919,0,0,0
583100,0.014354,0.000792,0,0,0
583200,0.014354,0.000827,0,0,0
583300,0.014354,0.000786,0,0,0
583400,0.014354,0.000837,0,0,0
583500,0.014354,0.000805,0,0,0
583600,0.014354,0.000805,0,0,0
583700,0.014359,0.001881,0,0,0
583800,0.014354,0.002745,0,0,0
583900,0.014354,0.000805,0,0,0
584000,0.014354,0.000805,0,0,0
584100,0.014354,0.003513,0,0,0
584200,0.014354,0.000805,0,0,0
584300,0.014792,0.003747,0,0,0
584400,0.014989,0.001011,0,0,0
584500,0.015382,0.000805,0,0,0
584600,0.01651,0.000987,0,0,0
584700,0.01651,0.000915,0,0,0
584800,0.01651,0.000805,0,0,0
584900,0.01651,0.000805,0,0,0
585000,0.01651,0.000832,0,0,0
585100,0.01651,0.000893,0,0,0
585200,0.01651,0.004103,0,0,0
585300,0.017374,0.000805,0,0,0
585400,0.01662,0.001537,0,0,0
585500,0.016547,0.000794,0,0,0
585600,0.015316,0.000805,0,0,0
585700,0.014867,0.000805,0,0,0
585800,0.014798,0.000805,0,0,0
585900,0.014896,0.011294,0,0,0
586000,0.014354,0.000805,0,0,0
586100,0.014797,0.01194,0,0,0
586200,0.014799,0.003393,0,0,0
586300,0.014896,0.000805,0,0,0
586400,0.014896,0.000805,0,0,0
586500,0.014896,0.000805,0,0,0
586600,0.014797,0.000816,0,0,0
586700,0.014798,0.001387,0,1,0
586800,0.014896,0.000889,0,0,0
586900,0.0148,0.001173,0,0,0
587000,0.014799,0.00553,0,0,0
587100,0.015091,0.001904,0,0,0
587200,0.014635,0.000805,0,0,0
587300,0.01509,0.000798,0,0,0
587400,0.015091,0.000919,0,0,0
587500,0.015091,0.000805,0,0,0
587600,0.015091,0.000805,0,0,0
587700,0.015091,0.000805,0,0,0
587800,0.01509,0.000785,0,0,0
587900,0.015091,0.000805,0,0,0
588000,0.01523,0.000813,0,0,0
588100,0.01523,0.002497,0,0,0
588200,0.015341,0.000805,0,0,0
588300,0.01651,0.000958,0,0,0
588400,0.017375,0.000864,0,0,0
588500,0.017375,0.000805,0,0,0
588600,0.021852,0.000814,0,0,0
588700,0.021865,0.000805,0,0,0
588800,0.028922,0.007997,0,0,0
588900,0.046081,0.000932,0,0,0
589000,0.052562,0.001434,0,0,0
589100,0.04899,0.000805,0,0,0
589200,0.048809,0.000816,0,0,0
589300,0.042089,0.001113,0,0,0
589400,0.042004,0.000929,0,0,0
589500,0.032121,0.000894,0,0,0
589600,0.031235,0.01509,0,0,0
589700,0.028945,0.000915,0,0,0
589800,0.028945,0.000805,0,0,0
589900,0.028945,0.000805,0,0,0
590000,0.031227,0.000932,0,0,0
590100,0.031271,0.000805,0,0,0
590200,0.031235,0.000852,0,0,0
590300,0.028946,0.004216,0,0,0
590400,0.031038,0.003895,0,0,0
590500,0.031227,0.000805,0,0,0
590600,0.031235,0.000876,0,0,0
590700,0.031235,0.001135,0,0,0
590800,0.031235,0.000805,0,0,0
590900,0.028925,0.000805,0,0,0
591000,0.028922,0.002929,0,0,0
591100,0.028922,0.000877,0,0,0
591200,0.024326,0.002401,0,0,0
591300,0.024928,0.000896,0,0,0
591400,0.028028,0.000805,0,0,0
591500,0.031227,0.000896,0,0,0
591600,0.052562,0.028922,0,0,0
591700,0.052562,0.001062,0,0,0
591800,0.052562,0.000805,0,0,0
591900,0.052562,0.00103,0,0,0
592000,0.052562,0.000805,0,0,0
592100,0.052562,0.001235,0,0,0
592200,0.052562,0.00082,0,0,0
592300,0.052562,0.000894,0,0,0
592400,0.052562,0.000805,0,0,0
592500,0.052562,0.000889,0,0,0
592600,0.052562,0.000805,0,0,0
592700,0.054674,0.001209,0,0,0
592800,0.054674,0.000797,0,0,0
592900,0.054674,0.000805,0,0,0
593000,0.054674,0.000805,0,0,0
593100,0.054674,0.000935,0,0,0
593200,0.054674,0.000805,0,0,0
593300,0.052583,0.000805,0,0,0
593400,0.052562,0.000805,0,0,0
593500,0.054674,0.001248,0,0,0
593600,0.052562,0.00082,0,0,0
593700,0.042051,0.000805,0,0,0
593800,0.028922,0.000814,0,0,0
593900,0.020618,0.067496,1,0,0
594000,0.019212,0.000804,0,0,0
594100,0.019606,0.00088,0,0,0
594200,0.019212,0.000805,0,0,0
594300,0.019212,0.00153,0,0,0
594400,0.019212,0.000805,0,0,0
594500,0.018918,0.000805,0,0,0
594600,0.018997,0.001119,0,0,0
594700,0.019212,0.002928,0,0,0
594800,0.019212,0.000805,0,0,0
594900,0.019212,0.000805,0,0,0
595000,0.022606,0.000792,0,0,0
595100,0.017496,0.000818,0,0,0
595200,0.019211,0.000932,0,0,0
595300,0.018918,0.000805,0,0,0
595400,0.016592,0.000805,0,0,0
595500,0.016517,0.000915,0,0,0
595600,0.016517,0.000785,0,0,0
595700,0.016517,0.000805,0,0,0
595800,0.026761,0.000792,0,0,0
595900,0.050624,0.001248,0,0,0
596000,0.052524,0.00093,0,0,0
596100,0.049134,0.00088,0,0,0
596200,0.049134,0.000805,0,0,0
596300,0.041732,0.000805,0,0,0
596400,0.049134,0.000805,0,0,0
596500,0.039392,0.000805,0,0,0
596600,0.028922,0.000805,0,0,0
596700,0.028922,0.000805,0,0,0
596800,0.028028,0.000934,0,0,0
596900,0.019959,0.000847,0,0,0
597000,0.028922,0.001183,0,0,0
597100,0.028922,0.000794,0,0,0
597200,0.028922,0.000794,0,0,0
597300,0.018926,0.000805,0,0,0
597400,0.028028,0.000795,0,0,0
597500,0.028922,0.000792,0,0,0
597600,0.028028,0.001009,0,0,0
597700,0.018922,0.000794,0,0,0
597800,0.017234,0.001007,0,0,0
597900,0.017234,0.000793,0,0,0
598000,0.017234,0.000901,0,0,0
598100,0.017329,0.000913,0,0,0
598200,0.017329,0.001183,0,0,0
598300,0.017329,0.000894,0,0,0
598400,0.017503,0.000795,0,0,0
598500,0.015996,0.000805,0,0,0
598600,0.017329,0.000805,0,0,0
598700,0.017329,0.000805,0,0,0
598800,0.028922,0.000805,0,0,0
598900,0.028945,0.001254,0,0,0
599000,0.028945,0.000792,0,0,0
599100,0.028945,0.000919,0,0,0
599200,0.028945,0.001151,0,0,0
599300,0.039295,0.000821,0,0,0
599400,0.039295,0.000804,0,0,0
599500,0.039295,0.003763,0,0,0
599600,0.04126,0.000792,0,0,0
599700,0.039983,0.000841,0,0,0
599800,0.039983,0.000805,0,0,0
599900,0.050603,0.001224,0,0,0
600000,0.039295,0.000807,0,0,0
600100,0.039295,0.000805,0,0,0
600200,0.039295,0.0008,0,0,0
600300,0.039295,0.001009,0,0,0
600400,0.039295,0.000805,0,0,0
600500,0.039295,0.000816,0,0,0
600600,0.039295,0.000805,0,0,0
600700,0.039295,0.000815,0,0,0
600800,0.028922,0.000805,0,0,0
600900,0.020454,0.000896,0,0,0
601000,0.024318,0.000801,0,0,0
601100,0.024318,0.000805,0,0,0
601200,0.024318,0.000805,0,0,0
601300,0.024318,0.000876,0,0,0
601400,0.017449,0.000805,0,0,0
601500,0.016519,0.000932,0,0,0
601600,0.020247,0.000805,0,0,0
601700,0.020454,0.000805,0,0,0
601800,0.020454,0.001248,0,0,0
601900,0.024318,0.001283,0,0,0
602000,0.024318,0.000916,0,0,0
602100,0.024318,0.000805,0,0,0
602200,0.024318,0.000805,0,0,0
602300,0.024318,0.000805,0,0,0
602400,0.020454,0.000792,0,0,0
602500,0.017457,0.000876,0,0,0
602600,0.017457,0.001446,0,0,0
602700,0.017457,0.001092,0,0,0
602800,0.017457,0.001345,0,0,0
602900,0.017457,0.001501,0,0,0
603000,0.024318,0.000805,0,0,0
603100,0.02433,0.000805,0,0,0
603200,0.02433,0.000792,0,0,0
603300,0.02433,0.000805,0,0,0
603400,0.028922,0.000805,0,0,0
603500,0.028922,0.000915,0,0,0
603600,0.028922,0.000852,0,0,0
603700,0.028922,0.000947,0,0,0
603800,0.024318,0.000817,0,0,0
603900,0.024318,0.000805,0,0,0
604000,0.023796,0.000805,0,0,0
604100,0.022601,0.000805,0,0,0
604200,0.022601,0.000805,0,0,0
604300,0.017172,0.000805,0,0,0
604400,0.022593,0.000805,0,0,0
604500,0.022601,0.000919,0,0,0
604600,0.016545,0.001224,0,0,0
604700,0.016519,0.000805,0,0,0
604800,0.01651,0.000971,0,0,0
604900,0.014361,0.000805,0,0,0
605000,0.014359,0.000805,0,0,0
605100,0.014354,0.000915,0,0,0
605200,0.014354,0.000805,0,0,0
605300,0.014359,0.000805,0,0,0
605400,0.014896,0.000805,0,0,0
605500,0.01652,0.000896,0,0,0
605600,0.01652,0.000805,0,0,0
605700,0.0238,0.000801,0,0,0
605800,0.021642,0.01242,0,0,0
605900,0.025562,0.000805,0,0,0
606000,0.019905,0.000805,0,0,0
606100,0.019905,0.000805,0,0,0
606200,0.019905,0.000805,0,0,0
606300,0.023808,0.000833,0,0,0
606400,0.023605,0.002159,0,0,0
606500,0.022601,0.000805,0,0,0
606600,0.020268,0.001789,0,0,0
606700,0.019905,0.000805,0,0,0
606800,0.019905,0.000892,0,0,0
606900,0.01752,0.000853,0,0,0
607000,0.01651,0.002792,0,0,0
607100,0.01651,0.001186,0,0,0
607200,0.01651,0.000805,0,0,0
607300,0.01651,0.000805,0,0,0
607400,0.014435,0.000805,0,0,0
607500,0.015875,0.000805,0,0,0
607600,0.016473,0.001342,0,0,0
607700,0.01651,0.000805,0,0,0
607800,0.01651,0.000936,0,0,0
607900,0.019215,0.000785,0,0,0
608000,0.015868,0.004732,0,0,0
608100,0.01242,0.004885,0,0,0
608200,0.012455,0.000932,0,0,0
608300,0.015868,0.000794,0,0,0
608400,0.007914,0.000921,0,0,0
608500,0.008153,0.001204,0,0,0
608600,0.007438,0.001494,0,0,0
608700,0.007911,0.000794,0,0,0
608800,0.007646,0.000845,0,0,0
608900,0.008627,0.001297,0,0,0
609000,0.010072,0.000974,0,0,0
609100,0.011047,0.000805,0,0,0
609200,0.011048,0.000792,0,0,0
609300,0.011048,0.001006,0,0,0
609400,0.010073,0.000793,0,0,0
609500,0.010357,0.0008,0,0,0
609600,0.010357,0.000805,0,0,0
609700,0.010146,0.000805,0,0,0
609800,0.010356,0.000788,0,0,0
609900,0.011047,0.001434,0,0,0
610000,0.011385,0.000805,0,0,0
610100,0.011385,0.000805,0,0,0
610200,0.01244,0.000889,0,0,0
610300,0.011051,0.000805,0,0,0
610400,0.011051,0.067496,1,0,0
610500,0.010147,0.001014,0,0,0
610600,0.010351,0.000932,0,0,0
610700,0.008362,0.001183,0,0,0
610800,0.008423,0.000805,0,0,0
610900,0.0077,0.000834,0,0,0
611000,0.007897,0.001387,0,1,0
611100,0.008351,0.000805,0,0,0
611200,0.008351,0.000846,0,0,0
611300,0.007909,0.000805,0,0,0
611400,0.008386,0.011122,1,0,0
611500,0.009256,0.000805,0,0,0
611600,0.008616,0.001462,0,1,0
611700,0.008616,0.000805,0,0,0
611800,0.008616,0.001009,0,0,0
611900,0.008963,0.000796,0,0,0
612000,0.008985,0.000792,0,0,0
612100,0.008985,0.000805,0,0,0
612200,0.009256,0.000794,0,0,0
612300,0.009256,0.000783,0,0,0
612400,0.009118,0.001032,0,0,0
612500,0.008616,0.000805,0,0,0
612600,0.008366,0.000805,0,0,0
612700,0.008351,0.000805,0,0,0
612800,0.008172,0.001687,0,0,0
612900,0.007739,0.001228,0,0,0
613000,0.0077,0.000805,0,0,0
613100,0.0077,0.000805,0,0,0
613200,0.006603,0.000805,0,0,0
613300,0.006599,0.00096,0,0,0
613400,0.006599,0.000832,0,0,0
613500,0.00648,0.001021,0,0,0
613600,0.00648,0.000805,0,0,0
613700,0.005979,0.015237,1,0,0
613800,0.006444,0.000901,0,0,0
613900,0.005961,0.000896,0,0,0
614000,0.00571,0.001919,0,0,0
614100,0.005832,0.000805,0,0,0
614200,0.005832,0.000805,0,0,0
614300,0.005956,0.000805,0,0,0
614400,0.005964,0.00096,0,0,0
614500,0.005833,0.000807,0,0,0
614600,0.005995,0.001477,0,0,0
614700,0.005881,0.000805,0,0,0
614800,0.005832,0.000821,0,0,0
614900,0.005703,0.000867,0,0,0
615000,0.005291,0.000935,0,0,0
615100,0.005291,0.001013,0,0,0
615200,0.005291,0.000792,0,0,0
615300,0.005291,0.000807,0,0,0
615400,0.005291,0.000792,0,0,0
615500,0.005291,0.000811,0,0,0
615600,0.005291,0.000805,0,0,0
615700,0.005291,0.000816,0,0,0
615800,0.005291,0.001334,0,0,0
615900,0.005291,0.000805,0,0,0
616000,0.005291,0.000805,0,0,0
616100,0.005291,0.00088,0,0,0
616200,0.005291,0.000813,0,0,0
616300,0.005136,0.000833,0,0,0
616400,0.005135,0.00107,0,0,0
616500,0.005135,0.00081,0,0,0
616600,0.00523,0.003513,0,0,0
616700,0.005291,0.000834,0,0,0
616800,0.005291,0.001232,0,0,0
616900,0.005135,0.0008,0,0,0
617000,0.005231,0.000805,0,0,0
617100,0.005231,0.000813,0,0,0
617200,0.005291,0.000805,0,0,0
617300,0.005291,0.000788,0,0,0
617400,0.005291,0.000794,0,0,0
617500,0.005291,0.000811,0,0,0
617600,0.005291,0.000805,0,0,0
617700,0.005291,0.000846,0,0,0
617800,0.005291,0.000805,0,0,0
617900,0.005291,0.000793,0,0,0
618000,0.005291,0.000805,0,0,0
618100,0.005291,0.000813,0,0,0
618200,0.005527,0.003111,0,0,0
618300,0.0055,0.000792,0,0,0
618400,0.005527,0.000805,0,0,0
618500,0.005527,0.067496,1,0,0
618600,0.005832,0.000794,0,0,0
618700,0.005527,0.00079,0,0,0
618800,0.005291,0.000805,0,0,0
618900,0.005291,0.001248,0,0,0
619000,0.005527,0.0008,0,0,0
619100,0.005291,0.000878,0,0,0
619200,0.005877,0.001679,0,0,0
619300,0.00615,0.000805,0,0,0
619400,0.007997,0.000796,0,0,0
619500,0.00936,0.000792,0,0,0
619600,0.009133,0.000901,0,0,0
619700,0.009751,0.000805,0,0,0
619800,0.010398,0.0008,0,0,0
619900,0.015089,0.000794,0,0,0
620000,0.01509,0.000846,0,0,0
620100,0.01509,0.000805,0,0,0
620200,0.015872,0.000805,0,0,0
620300,0.015872,0.00361,0,0,0
620400,0.016225,0.000796,0,0,0
620500,0.016051,0.000795,0,0,0
620600,0.016225,0.002864,0,0,0
620700,0.01651,0.000972,0,0,0
620800,0.01651,0.000805,0,0,0
620900,0.01651,0.000823,0,0,0
621000,0.01651,0.000786,0,0,0
621100,0.01651,0.000975,0,0,0
621200,0.016513,0.000846,0,0,0
621300,0.016923,0.002511,0,0,0
